var,coef
age,.61872637
agesq,-.0056559341
50b.zempt#2012b.year,0
50b.zempt#2013.year,.14267178
50b.zempt#2014.year,.26221099
50b.zempt#2015.year,.44501799
50b.zempt#2016.year,.026301526
50b.zempt#2017.year,.32236964
50b.zempt#2018.year,.52950823
50b.zempt#2019.year,-.47958896
51.zempt#2012b.year,-.19370458
51.zempt#2013.year,.2147114
51.zempt#2014.year,.55185884
51.zempt#2015.year,.63102669
51.zempt#2016.year,.059454598
51.zempt#2017.year,.19844589
51.zempt#2018.year,1.0141464
51.zempt#2019.year,-.031550638
52.zempt#2012b.year,-1.0129582
52.zempt#2013.year,.065185137
52.zempt#2014.year,.024420017
52.zempt#2015.year,.10862862
52.zempt#2016.year,-.32049528
52.zempt#2017.year,.37797034
52.zempt#2018.year,.90334177
52.zempt#2019.year,-.39310476
53.zempt#2012b.year,-.23046941
53.zempt#2013.year,1.0689456
53.zempt#2014.year,1.03834
53.zempt#2015.year,1.0685977
53.zempt#2016.year,.31310475
53.zempt#2017.year,.86954719
53.zempt#2018.year,1.3128272
53.zempt#2019.year,.5516243
54.zempt#2012b.year,-.025401168
54.zempt#2013.year,-.24566089
54.zempt#2014.year,.12649025
54.zempt#2015.year,.15640475
54.zempt#2016.year,-.43116599
54.zempt#2017.year,.68950623
54.zempt#2018.year,1.0834969
54.zempt#2019.year,.40493083
55.zempt#2012b.year,.25684616
55.zempt#2013.year,.26205653
55.zempt#2014.year,.30341718
55.zempt#2015.year,.28988227
55.zempt#2016.year,-.4287506
55.zempt#2017.year,.39547202
55.zempt#2018.year,1.0728682
55.zempt#2019.year,.56437683
56.zempt#2012b.year,3.09987
56.zempt#2013.year,3.2380047
56.zempt#2014.year,3.2412786
56.zempt#2015.year,3.3130977
56.zempt#2016.year,2.8567061
56.zempt#2017.year,3.2095366
56.zempt#2018.year,3.5160453
56.zempt#2019.year,2.401624
57.zempt#2012b.year,-.32780066
57.zempt#2013.year,.40630594
57.zempt#2014.year,.70368052
57.zempt#2015.year,.82691795
57.zempt#2016.year,-.0092687039
57.zempt#2017.year,.76782191
57.zempt#2018.year,1.2245669
57.zempt#2019.year,.24773888
59.zempt#2012b.year,1.3829229
59.zempt#2013.year,1.3967744
59.zempt#2014.year,1.4935249
59.zempt#2015.year,1.519733
59.zempt#2016.year,.95562261
59.zempt#2017.year,1.389835
59.zempt#2018.year,1.9430256
59.zempt#2019.year,.84369516
60.zempt#2012b.year,.24793331
60.zempt#2013.year,1.1776809
60.zempt#2014.year,1.390047
60.zempt#2015.year,1.4199754
60.zempt#2016.year,.63886702
60.zempt#2017.year,1.4687026
60.zempt#2018.year,1.8774348
60.zempt#2019.year,1.12771
61.zempt#2012b.year,2.9069023
61.zempt#2013.year,3.0261798
61.zempt#2014.year,3.2018008
61.zempt#2015.year,3.2765799
61.zempt#2016.year,1.9789748
61.zempt#2017.year,3.3418851
61.zempt#2018.year,3.8352282
61.zempt#2019.year,2.9877958
106.zempt#2012b.year,.18213437
106.zempt#2013.year,.25534111
106.zempt#2014.year,.2388656
106.zempt#2015.year,.41239053
106.zempt#2016.year,.24638632
106.zempt#2017.year,.097193345
106.zempt#2018.year,1.2086866
106.zempt#2019.year,-.017772708
1101.zempt#2012b.year,6.5550675
1101.zempt#2013.year,6.6848545
1101.zempt#2014.year,6.9958978
1101.zempt#2015.year,7.0506506
1101.zempt#2016.year,5.1110206
1101.zempt#2017.year,7.1970205
1101.zempt#2018.year,7.96244
1101.zempt#2019.year,7.4113755
1102.zempt#2012b.year,3.2984519
1102.zempt#2013.year,3.1749628
1102.zempt#2014.year,3.466151
1102.zempt#2015.year,3.4893553
1102.zempt#2016.year,2.4221206
1102.zempt#2017.year,3.4356127
1102.zempt#2018.year,3.9047399
1102.zempt#2019.year,3.1956487
1103.zempt#2012b.year,1.2310781
1103.zempt#2013.year,.71010131
1103.zempt#2014.year,1.0276843
1103.zempt#2015.year,1.6570059
1103.zempt#2016.year,.9037478
1103.zempt#2017.year,1.1512746
1103.zempt#2018.year,2.1248257
1103.zempt#2019.year,.97365266
1104.zempt#2012b.year,1.3074877
1104.zempt#2013.year,1.8292834
1104.zempt#2014.year,1.7316039
1104.zempt#2015.year,1.952217
1104.zempt#2016.year,1.2419317
1104.zempt#2017.year,1.6547348
1104.zempt#2018.year,1.6640455
1104.zempt#2019.year,.90584034
1105.zempt#2012b.year,2.5070601
1105.zempt#2013.year,2.584692
1105.zempt#2014.year,2.7813895
1105.zempt#2015.year,2.9386282
1105.zempt#2016.year,2.1335588
1105.zempt#2017.year,2.4609826
1105.zempt#2018.year,3.1789291
1105.zempt#2019.year,2.2058098
1106.zempt#2012b.year,.92011309
1106.zempt#2013.year,.84480673
1106.zempt#2014.year,.88988149
1106.zempt#2015.year,.88952529
1106.zempt#2016.year,.42736244
1106.zempt#2017.year,1.4821252
1106.zempt#2018.year,2.0809205
1106.zempt#2019.year,1.0252547
1107.zempt#2012b.year,2.1034198
1107.zempt#2013.year,2.1706598
1107.zempt#2014.year,1.8930837
1107.zempt#2015.year,1.9825048
1107.zempt#2016.year,1.2571874
1107.zempt#2017.year,1.376309
1107.zempt#2018.year,2.3276
1107.zempt#2019.year,1.2218783
1108.zempt#2012b.year,.21927221
1108.zempt#2013.year,-.30343929
1108.zempt#2014.year,.19469406
1108.zempt#2015.year,.62726712
1108.zempt#2016.year,-.32003173
1108.zempt#2017.year,.45868856
1108.zempt#2018.year,.48536137
1108.zempt#2019.year,.087890573
1109.zempt#2012b.year,2.2297266
1109.zempt#2013.year,2.1346955
1109.zempt#2014.year,1.7616919
1109.zempt#2015.year,1.3619859
1109.zempt#2016.year,1.9601853
1109.zempt#2017.year,1.6182468
1109.zempt#2018.year,1.7977499
1109.zempt#2019.year,1.2819014
1110.zempt#2012b.year,2.3965611
1110.zempt#2013.year,2.1468954
1110.zempt#2014.year,2.4468954
1110.zempt#2015.year,2.3382401
1110.zempt#2016.year,2.0668974
1110.zempt#2017.year,2.4682603
1110.zempt#2018.year,2.9850259
1110.zempt#2019.year,1.793642
1111.zempt#2012b.year,3.2099783
1111.zempt#2013.year,3.3388128
1111.zempt#2014.year,2.8302467
1111.zempt#2015.year,3.4333556
1111.zempt#2016.year,2.5901461
1111.zempt#2017.year,3.5586202
1111.zempt#2018.year,3.9780114
1111.zempt#2019.year,3.4953327
1112.zempt#2012b.year,2.5642657
1112.zempt#2013.year,3.3636479
1112.zempt#2014.year,3.1871934
1112.zempt#2015.year,2.8757937
1112.zempt#2016.year,2.0492175
1112.zempt#2017.year,2.6049058
1112.zempt#2018.year,3.1062069
1112.zempt#2019.year,2.1657341
1113.zempt#2012b.year,3.4435146
1113.zempt#2013.year,3.5660551
1113.zempt#2014.year,3.7237918
1113.zempt#2015.year,4.1709037
1113.zempt#2016.year,3.5602829
1113.zempt#2017.year,3.8205881
1113.zempt#2018.year,4.3640294
1113.zempt#2019.year,3.9090161
1114.zempt#2012b.year,2.5271304
1114.zempt#2013.year,2.4731047
1114.zempt#2014.year,3.1785688
1114.zempt#2015.year,2.9138527
1114.zempt#2016.year,1.4636904
1114.zempt#2017.year,2.5774646
1114.zempt#2018.year,3.0982161
1114.zempt#2019.year,2.4879663
1115.zempt#2012b.year,3.3995841
1115.zempt#2013.year,3.696502
1115.zempt#2014.year,3.623435
1115.zempt#2015.year,3.7262363
1115.zempt#2016.year,2.5113294
1115.zempt#2017.year,3.2651684
1115.zempt#2018.year,3.8660951
1115.zempt#2019.year,3.0890741
1116.zempt#2012b.year,5.2268796
1116.zempt#2013.year,5.3330541
1116.zempt#2014.year,5.4825239
1116.zempt#2015.year,5.6670136
1116.zempt#2016.year,3.8680975
1116.zempt#2017.year,5.71311
1116.zempt#2018.year,6.4242325
1116.zempt#2019.year,5.8177671
1117.zempt#2012b.year,2.0040851
1117.zempt#2013.year,2.2641461
1117.zempt#2014.year,2.4346581
1117.zempt#2015.year,2.4018984
1117.zempt#2016.year,1.6643418
1117.zempt#2017.year,2.2820094
1117.zempt#2018.year,2.6742401
1117.zempt#2019.year,1.856231
1118.zempt#2012b.year,3.6602352
1118.zempt#2013.year,3.8352382
1118.zempt#2014.year,4.0479794
1118.zempt#2015.year,4.2410583
1118.zempt#2016.year,3.4654772
1118.zempt#2017.year,3.8680081
1118.zempt#2018.year,4.5842915
1118.zempt#2019.year,3.8070159
1119.zempt#2012b.year,2.9439867
1119.zempt#2013.year,3.0802641
1119.zempt#2014.year,3.4423025
1119.zempt#2015.year,3.5574834
1119.zempt#2016.year,2.1777871
1119.zempt#2017.year,3.2354152
1119.zempt#2018.year,3.8565443
1119.zempt#2019.year,2.7725539
2101.zempt#2012b.year,.8623693
2101.zempt#2013.year,.806647
2101.zempt#2014.year,1.1230923
2101.zempt#2015.year,1.515134
2101.zempt#2016.year,.75133979
2101.zempt#2017.year,1.2987493
2101.zempt#2018.year,1.6327559
2101.zempt#2019.year,.57937223
2102.zempt#2012b.year,.48800689
2102.zempt#2013.year,.42079103
2102.zempt#2014.year,.73189968
2102.zempt#2015.year,1.0217317
2102.zempt#2016.year,.44534487
2102.zempt#2017.year,.94038284
2102.zempt#2018.year,1.4173793
2102.zempt#2019.year,.41557369
2103.zempt#2012b.year,.60993534
2103.zempt#2013.year,.77944994
2103.zempt#2014.year,1.1749063
2103.zempt#2015.year,.99173498
2103.zempt#2016.year,.37415904
2103.zempt#2017.year,1.3345383
2103.zempt#2018.year,1.4265094
2103.zempt#2019.year,.8636657
2104.zempt#2012b.year,1.7305093
2104.zempt#2013.year,1.702305
2104.zempt#2014.year,1.9910769
2104.zempt#2015.year,2.0659387
2104.zempt#2016.year,1.3778471
2104.zempt#2017.year,2.1312604
2104.zempt#2018.year,2.6645551
2104.zempt#2019.year,1.7514479
2105.zempt#2012b.year,1.4968741
2105.zempt#2013.year,1.7167611
2105.zempt#2014.year,1.6720361
2105.zempt#2015.year,1.8161134
2105.zempt#2016.year,1.2499262
2105.zempt#2017.year,1.8197347
2105.zempt#2018.year,2.4741576
2105.zempt#2019.year,1.5294341
2106.zempt#2012b.year,.45120794
2106.zempt#2013.year,.178896
2106.zempt#2014.year,.18459176
2106.zempt#2015.year,.22641961
2106.zempt#2016.year,-.14415255
2106.zempt#2017.year,.28817862
2106.zempt#2018.year,.84322995
2106.zempt#2019.year,.29835063
2107.zempt#2012b.year,.5215084
2107.zempt#2013.year,.79815149
2107.zempt#2014.year,1.0059777
2107.zempt#2015.year,.63413203
2107.zempt#2016.year,-.11335223
2107.zempt#2017.year,.39816457
2107.zempt#2018.year,.78248018
2107.zempt#2019.year,.39575747
2201.zempt#2012b.year,.7609607
2201.zempt#2013.year,.7360301
2201.zempt#2014.year,.50493693
2201.zempt#2015.year,.85700244
2201.zempt#2016.year,-.12028478
2201.zempt#2017.year,1.1632236
2201.zempt#2018.year,1.6478335
2201.zempt#2019.year,.0034718041
2202.zempt#2012b.year,1.0921324
2202.zempt#2013.year,1.0569355
2202.zempt#2014.year,1.6593695
2202.zempt#2015.year,1.2868177
2202.zempt#2016.year,.92735928
2202.zempt#2017.year,1.1475974
2202.zempt#2018.year,1.3929199
2202.zempt#2019.year,.59854257
2203.zempt#2012b.year,-.066446573
2203.zempt#2013.year,.46938297
2203.zempt#2014.year,.51165897
2203.zempt#2015.year,.92175543
2203.zempt#2016.year,-.37776041
2203.zempt#2017.year,.53567821
2203.zempt#2018.year,.94303393
2203.zempt#2019.year,.73452932
2204.zempt#2012b.year,.252895
2204.zempt#2013.year,.59782785
2204.zempt#2014.year,.34841093
2204.zempt#2015.year,.89856315
2204.zempt#2016.year,.25085393
2204.zempt#2017.year,.78903735
2204.zempt#2018.year,.82614118
2204.zempt#2019.year,-.0068697804
2205.zempt#2012b.year,.74615192
2205.zempt#2013.year,.80473071
2205.zempt#2014.year,.88196075
2205.zempt#2015.year,1.0641918
2205.zempt#2016.year,.29648104
2205.zempt#2017.year,.72743183
2205.zempt#2018.year,1.3706098
2205.zempt#2019.year,.27661788
2206.zempt#2012b.year,.37695494
2206.zempt#2013.year,.85422909
2206.zempt#2014.year,1.016479
2206.zempt#2015.year,1.1555605
2206.zempt#2016.year,.45046651
2206.zempt#2017.year,.87327564
2206.zempt#2018.year,1.2681134
2206.zempt#2019.year,.34555072
2207.zempt#2012b.year,1.4585342
2207.zempt#2013.year,1.5320125
2207.zempt#2014.year,1.527082
2207.zempt#2015.year,1.7001638
2207.zempt#2016.year,.52397203
2207.zempt#2017.year,1.5756543
2207.zempt#2018.year,2.1106024
2207.zempt#2019.year,1.2343916
2208.zempt#2012b.year,1.6798773
2208.zempt#2013.year,1.6746448
2208.zempt#2014.year,2.0999479
2208.zempt#2015.year,2.0877001
2208.zempt#2016.year,1.4051901
2208.zempt#2017.year,2.1419787
2208.zempt#2018.year,2.7506113
2208.zempt#2019.year,1.8780304
2209.zempt#2012b.year,.18356957
2209.zempt#2013.year,.078704163
2209.zempt#2014.year,.17087819
2209.zempt#2015.year,.7996431
2209.zempt#2016.year,-.39112568
2209.zempt#2017.year,.22624047
2209.zempt#2018.year,.78903437
2209.zempt#2019.year,-.44080117
2210.zempt#2012b.year,1.2349061
2210.zempt#2013.year,1.3348227
2210.zempt#2014.year,1.4663018
2210.zempt#2015.year,1.4393909
2210.zempt#2016.year,.90543032
2210.zempt#2017.year,1.6635506
2210.zempt#2018.year,1.9576993
2210.zempt#2019.year,1.0883416
2211.zempt#2012b.year,.29811245
2211.zempt#2013.year,1.0024979
2211.zempt#2014.year,1.0581676
2211.zempt#2015.year,1.0540951
2211.zempt#2016.year,.55873334
2211.zempt#2017.year,1.0652468
2211.zempt#2018.year,1.6373643
2211.zempt#2019.year,.55869299
2301.zempt#2012b.year,.55691868
2301.zempt#2013.year,1.3583683
2301.zempt#2014.year,1.1150085
2301.zempt#2015.year,1.3902951
2301.zempt#2016.year,.74933732
2301.zempt#2017.year,1.1016283
2301.zempt#2018.year,1.6727765
2301.zempt#2019.year,1.2329797
2302.zempt#2012b.year,1.2327937
2302.zempt#2013.year,1.181815
2302.zempt#2014.year,1.6430355
2302.zempt#2015.year,1.6615384
2302.zempt#2016.year,.544164
2302.zempt#2017.year,1.40555
2302.zempt#2018.year,1.6788619
2302.zempt#2019.year,.87043417
2303.zempt#2012b.year,.73735595
2303.zempt#2013.year,1.1294099
2303.zempt#2014.year,.96187252
2303.zempt#2015.year,1.2676971
2303.zempt#2016.year,.99349493
2303.zempt#2017.year,.42802614
2303.zempt#2018.year,.93505877
2303.zempt#2019.year,.062785208
2304.zempt#2012b.year,1.7387447
2304.zempt#2013.year,1.9180309
2304.zempt#2014.year,1.8036013
2304.zempt#2015.year,2.1386235
2304.zempt#2016.year,1.2223958
2304.zempt#2017.year,2.2444119
2304.zempt#2018.year,2.6230557
2304.zempt#2019.year,1.543499
2305.zempt#2012b.year,1.2861371
2305.zempt#2013.year,.44200948
2305.zempt#2014.year,1.3210472
2305.zempt#2015.year,1.7771509
2305.zempt#2016.year,1.5680293
2305.zempt#2017.year,1.313074
2305.zempt#2018.year,2.1405249
2305.zempt#2019.year,1.2412728
2306.zempt#2012b.year,2.0914848
2306.zempt#2013.year,2.5430305
2306.zempt#2014.year,2.5606306
2306.zempt#2015.year,2.6848414
2306.zempt#2016.year,2.1888409
2306.zempt#2017.year,2.5159082
2306.zempt#2018.year,3.2142637
2306.zempt#2019.year,2.4694493
2307.zempt#2012b.year,1.7058698
2307.zempt#2013.year,1.8546284
2307.zempt#2014.year,1.968899
2307.zempt#2015.year,1.9682151
2307.zempt#2016.year,1.4114127
2307.zempt#2017.year,1.9954063
2307.zempt#2018.year,2.4558554
2307.zempt#2019.year,1.6590736
2401.zempt#2012b.year,.95975411
2401.zempt#2013.year,.82735699
2401.zempt#2014.year,1.0876474
2401.zempt#2015.year,1.0524489
2401.zempt#2016.year,.29424897
2401.zempt#2017.year,1.0140671
2401.zempt#2018.year,1.6461143
2401.zempt#2019.year,.92733455
2402.zempt#2012b.year,-.0018320704
2402.zempt#2013.year,.61569262
2402.zempt#2014.year,.71661347
2402.zempt#2015.year,-.25935826
2402.zempt#2016.year,-.6299361
2402.zempt#2017.year,-.16762973
2402.zempt#2018.year,.1452985
2402.zempt#2019.year,-.64434314
2403.zempt#2012b.year,.057846315
2403.zempt#2013.year,.24984135
2403.zempt#2014.year,.039069541
2403.zempt#2015.year,.56191158
2403.zempt#2016.year,-.31374672
2403.zempt#2017.year,.1966249
2403.zempt#2018.year,.50680214
2403.zempt#2019.year,-.083701655
2404.zempt#2012b.year,1.3952314
2404.zempt#2013.year,1.8271983
2404.zempt#2014.year,1.7683628
2404.zempt#2015.year,1.8782047
2404.zempt#2016.year,1.290342
2404.zempt#2017.year,1.855978
2404.zempt#2018.year,2.3207507
2404.zempt#2019.year,1.4661587
2405.zempt#2012b.year,.47913441
2405.zempt#2013.year,.7427361
2405.zempt#2014.year,.51042831
2405.zempt#2015.year,1.10879
2405.zempt#2016.year,-.29110971
2405.zempt#2017.year,.45801103
2405.zempt#2018.year,.53922576
2405.zempt#2019.year,.15811843
2406.zempt#2012b.year,.98944235
2406.zempt#2013.year,1.404287
2406.zempt#2014.year,1.4402823
2406.zempt#2015.year,1.6594189
2406.zempt#2016.year,.78774363
2406.zempt#2017.year,1.4711131
2406.zempt#2018.year,1.9645966
2406.zempt#2019.year,1.0137676
2407.zempt#2012b.year,-.87410301
2407.zempt#2013.year,-.72157449
2407.zempt#2014.year,-1.020049
2407.zempt#2015.year,-.52740341
2407.zempt#2016.year,-.82393581
2407.zempt#2017.year,-.2650997
2407.zempt#2018.year,.091161028
2407.zempt#2019.year,-.33573502
2408.zempt#2012b.year,-.28139752
2408.zempt#2013.year,.59554368
2408.zempt#2014.year,.56323415
2408.zempt#2015.year,.76714641
2408.zempt#2016.year,.94860917
2408.zempt#2017.year,.88371259
2408.zempt#2018.year,1.4602855
2408.zempt#2019.year,1.2135144
2409.zempt#2012b.year,.25773257
2409.zempt#2013.year,.1503797
2409.zempt#2014.year,.20952591
2409.zempt#2015.year,.43404591
2409.zempt#2016.year,-.33187613
2409.zempt#2017.year,.27482051
2409.zempt#2018.year,.95932615
2409.zempt#2019.year,-.095823094
2410.zempt#2012b.year,2.9391239
2410.zempt#2013.year,1.10519
2410.zempt#2014.year,3.7634048
2410.zempt#2015.year,3.3934851
2410.zempt#2016.year,2.9766526
2410.zempt#2017.year,2.9845762
2410.zempt#2018.year,3.6195433
2410.zempt#2019.year,2.2810802
2411.zempt#2012b.year,-.91234267
2411.zempt#2013.year,-.44905549
2411.zempt#2014.year,.3993403
2411.zempt#2015.year,.49068788
2411.zempt#2016.year,-.78601074
2411.zempt#2017.year,-.2988036
2411.zempt#2018.year,-.25886047
2411.zempt#2019.year,-.67578304
2412.zempt#2012b.year,1.1607552
2412.zempt#2013.year,1.3130063
2412.zempt#2014.year,1.6025664
2412.zempt#2015.year,1.5965748
2412.zempt#2016.year,.98464876
2412.zempt#2017.year,1.715573
2412.zempt#2018.year,2.2257369
2412.zempt#2019.year,1.3334261
2413.zempt#2012b.year,1.1351291
2413.zempt#2013.year,1.1509517
2413.zempt#2014.year,1.085014
2413.zempt#2015.year,1.2555784
2413.zempt#2016.year,.39623868
2413.zempt#2017.year,1.0052933
2413.zempt#2018.year,1.5862845
2413.zempt#2019.year,.71017754
2414.zempt#2012b.year,-.4353539
2414.zempt#2013.year,.1071786
2414.zempt#2014.year,.62742758
2414.zempt#2015.year,.60415524
2414.zempt#2016.year,-.042162195
2414.zempt#2017.year,.21784356
2414.zempt#2018.year,.97844201
2414.zempt#2019.year,-.31170541
2415.zempt#2012b.year,.15597101
2415.zempt#2013.year,.41715452
2415.zempt#2014.year,.46096843
2415.zempt#2015.year,.86298513
2415.zempt#2016.year,-.13512728
2415.zempt#2017.year,.70890087
2415.zempt#2018.year,.76874876
2415.zempt#2019.year,.039454639
2416.zempt#2012b.year,1.6474661
2416.zempt#2013.year,.8377561
2416.zempt#2014.year,2.642345
2416.zempt#2015.year,2.6521356
2416.zempt#2016.year,2.1041362
2416.zempt#2017.year,2.4122391
2416.zempt#2018.year,3.0766733
2416.zempt#2019.year,2.2796736
2417.zempt#2012b.year,.88466001
2417.zempt#2013.year,.76399434
2417.zempt#2014.year,.98271626
2417.zempt#2015.year,.90868056
2417.zempt#2016.year,.2085346
2417.zempt#2017.year,.85408658
2417.zempt#2018.year,1.3870734
2417.zempt#2019.year,.92965281
2418.zempt#2012b.year,1.5994952
2418.zempt#2013.year,1.7778039
2418.zempt#2014.year,1.9456637
2418.zempt#2015.year,2.0108578
2418.zempt#2016.year,1.0743831
2418.zempt#2017.year,1.9184718
2418.zempt#2018.year,2.3103018
2418.zempt#2019.year,1.423918
2419.zempt#2012b.year,.55682546
2419.zempt#2013.year,1.081202
2419.zempt#2014.year,1.5973912
2419.zempt#2015.year,1.9044306
2419.zempt#2016.year,.61216408
2419.zempt#2017.year,1.0970244
2419.zempt#2018.year,1.3817952
2419.zempt#2019.year,.71233857
2501.zempt#2012b.year,-.033610038
2501.zempt#2013.year,.48120353
2501.zempt#2014.year,.22763318
2501.zempt#2015.year,.43598619
2501.zempt#2016.year,.40409699
2501.zempt#2017.year,.57259649
2501.zempt#2018.year,.78665602
2501.zempt#2019.year,.47903833
2502.zempt#2012b.year,.85586762
2502.zempt#2013.year,.98030514
2502.zempt#2014.year,1.2249556
2502.zempt#2015.year,1.2525283
2502.zempt#2016.year,.63464671
2502.zempt#2017.year,1.2247816
2502.zempt#2018.year,1.6228118
2502.zempt#2019.year,.87857169
2503.zempt#2012b.year,.63287896
2503.zempt#2013.year,.42030734
2503.zempt#2014.year,.84812832
2503.zempt#2015.year,.47270441
2503.zempt#2016.year,-.11730675
2503.zempt#2017.year,1.0186579
2503.zempt#2018.year,1.4176774
2503.zempt#2019.year,.21821672
2504.zempt#2012b.year,1.0251052
2504.zempt#2013.year,.88199627
2504.zempt#2014.year,1.0681833
2504.zempt#2015.year,1.2945048
2504.zempt#2016.year,.51679844
2504.zempt#2017.year,1.0241729
2504.zempt#2018.year,1.5709133
2504.zempt#2019.year,.71428961
2505.zempt#2012b.year,-.44646612
2505.zempt#2013.year,-.010947871
2505.zempt#2014.year,-.24502635
2505.zempt#2015.year,.034884393
2505.zempt#2016.year,-.46712199
2505.zempt#2017.year,.28144842
2505.zempt#2018.year,1.0309525
2505.zempt#2019.year,.060096134
2506.zempt#2012b.year,-.22830166
2506.zempt#2013.year,-.082124382
2506.zempt#2014.year,-.072034948
2506.zempt#2015.year,.074948721
2506.zempt#2016.year,-.61946106
2506.zempt#2017.year,.093560629
2506.zempt#2018.year,.71126682
2506.zempt#2019.year,.16229911
2507.zempt#2012b.year,1.3702587
2507.zempt#2013.year,1.3778924
2507.zempt#2014.year,1.7940021
2507.zempt#2015.year,1.9321299
2507.zempt#2016.year,1.5362298
2507.zempt#2017.year,1.8253797
2507.zempt#2018.year,2.1789751
2507.zempt#2019.year,1.8907112
2508.zempt#2012b.year,-.7224288
2508.zempt#2013.year,-.2792584
2508.zempt#2014.year,-.11200222
2508.zempt#2015.year,.28162044
2508.zempt#2016.year,-.3654533
2508.zempt#2017.year,.17541593
2508.zempt#2018.year,.41471326
2508.zempt#2019.year,-.21138416
2509.zempt#2012b.year,.51052719
2509.zempt#2013.year,.23164196
2509.zempt#2014.year,.70614022
2509.zempt#2015.year,.70637608
2509.zempt#2016.year,.22926384
2509.zempt#2017.year,.67245787
2509.zempt#2018.year,.86802751
2509.zempt#2019.year,.35758036
2510.zempt#2012b.year,.24901931
2510.zempt#2013.year,.67254192
2510.zempt#2014.year,1.2066683
2510.zempt#2015.year,.76772404
2510.zempt#2016.year,-.063853189
2510.zempt#2017.year,.95447379
2510.zempt#2018.year,1.1108999
2510.zempt#2019.year,.48446709
2511.zempt#2012b.year,.29645807
2511.zempt#2013.year,.33676919
2511.zempt#2014.year,.41881025
2511.zempt#2015.year,.60663617
2511.zempt#2016.year,-.44039676
2511.zempt#2017.year,-.30372468
2511.zempt#2018.year,.69703066
2511.zempt#2019.year,-.28337443
2512.zempt#2012b.year,.11100101
2512.zempt#2013.year,.12930654
2512.zempt#2014.year,.13238196
2512.zempt#2015.year,.32844085
2512.zempt#2016.year,-.72068441
2512.zempt#2017.year,.098051064
2512.zempt#2018.year,.60311174
2512.zempt#2019.year,-.13193685
2513.zempt#2012b.year,-.056863766
2513.zempt#2013.year,.17878294
2513.zempt#2014.year,-.022421183
2513.zempt#2015.year,.65574098
2513.zempt#2016.year,-.110819
2513.zempt#2017.year,1.0152107
2513.zempt#2018.year,1.2292234
2513.zempt#2019.year,.97857571
2601.zempt#2012b.year,.21521649
2601.zempt#2013.year,.88259625
2601.zempt#2014.year,1.2343516
2601.zempt#2015.year,1.2010751
2601.zempt#2016.year,.84723026
2601.zempt#2017.year,1.433707
2601.zempt#2018.year,2.1698544
2601.zempt#2019.year,1.2513244
2602.zempt#2012b.year,-.53384924
2602.zempt#2013.year,-.73356509
2602.zempt#2014.year,-.48705405
2602.zempt#2015.year,-.31817824
2602.zempt#2016.year,-.62609553
2602.zempt#2017.year,-.73869288
2602.zempt#2018.year,1.4067641
2602.zempt#2019.year,-.9608193
2603.zempt#2012b.year,.44974715
2603.zempt#2013.year,1.2863947
2603.zempt#2014.year,1.5136112
2603.zempt#2015.year,1.6894834
2603.zempt#2016.year,.96906543
2603.zempt#2017.year,1.6356267
2603.zempt#2018.year,2.0542445
2603.zempt#2019.year,1.3716085
2604.zempt#2012b.year,-.73652667
2604.zempt#2013.year,-.2573151
2604.zempt#2014.year,-.1207175
2604.zempt#2015.year,.82211572
2604.zempt#2016.year,-.21504119
2604.zempt#2017.year,.32535648
2604.zempt#2018.year,.83471978
2604.zempt#2019.year,.025534119
2605.zempt#2012b.year,-1.5779121
2605.zempt#2013.year,-.14213639
2605.zempt#2014.year,-.39931619
2605.zempt#2015.year,-1.0510345
2605.zempt#2016.year,-1.277474
2605.zempt#2017.year,-1.0177786
2605.zempt#2018.year,-.62905109
2605.zempt#2019.year,-1.4714493
2606.zempt#2012b.year,-.35896519
2606.zempt#2013.year,.36223072
2606.zempt#2014.year,.55111325
2606.zempt#2015.year,.46977624
2606.zempt#2016.year,.099825576
2606.zempt#2017.year,.71498626
2606.zempt#2018.year,1.1463175
2606.zempt#2019.year,.46421441
2607.zempt#2012b.year,-1.0511733
2607.zempt#2013.year,-.20472507
2607.zempt#2014.year,-.0039861719
2607.zempt#2015.year,.04045077
2607.zempt#2016.year,-.90008444
2607.zempt#2017.year,-.13374734
2607.zempt#2018.year,-.19417793
2607.zempt#2019.year,-.74681509
2608.zempt#2012b.year,-.037569754
2608.zempt#2013.year,.93217492
2608.zempt#2014.year,1.1501937
2608.zempt#2015.year,1.3469479
2608.zempt#2016.year,.46315756
2608.zempt#2017.year,1.1606441
2608.zempt#2018.year,1.7568631
2608.zempt#2019.year,.91041577
2609.zempt#2012b.year,-1.3424804
2609.zempt#2013.year,-.53565276
2609.zempt#2014.year,-.32605714
2609.zempt#2015.year,.23711945
2609.zempt#2016.year,-.54464644
2609.zempt#2017.year,-.12830147
2609.zempt#2018.year,.8444975
2609.zempt#2019.year,-.53642458
2610.zempt#2012b.year,.28889105
2610.zempt#2013.year,1.1065046
2610.zempt#2014.year,1.532725
2610.zempt#2015.year,1.4812679
2610.zempt#2016.year,.16284025
2610.zempt#2017.year,1.3783909
2610.zempt#2018.year,2.0735848
2610.zempt#2019.year,1.5221426
2611.zempt#2012b.year,-.40261009
2611.zempt#2013.year,.1777484
2611.zempt#2014.year,.2304136
2611.zempt#2015.year,.31644091
2611.zempt#2016.year,-.099639036
2611.zempt#2017.year,.13302526
2611.zempt#2018.year,.7851541
2611.zempt#2019.year,.18596722
2612.zempt#2012b.year,-.42326716
2612.zempt#2013.year,.46206126
2612.zempt#2014.year,.55167037
2612.zempt#2015.year,1.059949
2612.zempt#2016.year,.24984409
2612.zempt#2017.year,.69989562
2612.zempt#2018.year,.97805458
2612.zempt#2019.year,.20207547
2613.zempt#2012b.year,-.57365233
2613.zempt#2013.year,-.30763802
2613.zempt#2014.year,.68471605
2613.zempt#2015.year,-.027126411
2613.zempt#2016.year,-.6649068
2613.zempt#2017.year,-.39361033
2613.zempt#2018.year,.63265973
2613.zempt#2019.year,-.60472184
2614.zempt#2012b.year,-.16818397
2614.zempt#2013.year,.96230441
2614.zempt#2014.year,.8273918
2614.zempt#2015.year,1.3431127
2614.zempt#2016.year,.26364416
2614.zempt#2017.year,.85413897
2614.zempt#2018.year,1.9150245
2614.zempt#2019.year,.65441114
3110.zempt#2012b.year,2.0010288
3110.zempt#2013.year,1.9250112
3110.zempt#2014.year,1.9353812
3110.zempt#2015.year,2.1542652
3110.zempt#2016.year,1.4876671
3110.zempt#2017.year,2.158932
3110.zempt#2018.year,2.5839765
3110.zempt#2019.year,1.7095164
3111.zempt#2012b.year,2.3923674
3111.zempt#2013.year,2.6027067
3111.zempt#2014.year,2.8184297
3111.zempt#2015.year,2.8293717
3111.zempt#2016.year,2.0381145
3111.zempt#2017.year,2.8270445
3111.zempt#2018.year,3.2219694
3111.zempt#2019.year,2.4908981
3112.zempt#2012b.year,1.7715667
3112.zempt#2013.year,1.8337874
3112.zempt#2014.year,2.1188619
3112.zempt#2015.year,2.2603109
3112.zempt#2016.year,1.73634
3112.zempt#2017.year,2.3110077
3112.zempt#2018.year,2.8454525
3112.zempt#2019.year,2.0417628
3113.zempt#2012b.year,1.0065554
3113.zempt#2013.year,.68363506
3113.zempt#2014.year,.50287652
3113.zempt#2015.year,.42971343
3113.zempt#2016.year,.06023483
3113.zempt#2017.year,.58323556
3113.zempt#2018.year,1.0425012
3113.zempt#2019.year,.40081045
3114.zempt#2012b.year,.98638469
3114.zempt#2013.year,.98030859
3114.zempt#2014.year,1.1655806
3114.zempt#2015.year,1.1954204
3114.zempt#2016.year,.42695716
3114.zempt#2017.year,1.2270256
3114.zempt#2018.year,1.7341498
3114.zempt#2019.year,.24728331
3115.zempt#2012b.year,1.274387
3115.zempt#2013.year,1.2321652
3115.zempt#2014.year,1.4699897
3115.zempt#2015.year,1.5050353
3115.zempt#2016.year,.4111394
3115.zempt#2017.year,1.4800889
3115.zempt#2018.year,2.1539092
3115.zempt#2019.year,1.1804993
3116.zempt#2012b.year,.51871443
3116.zempt#2013.year,.57809854
3116.zempt#2014.year,.7829141
3116.zempt#2015.year,.90913802
3116.zempt#2016.year,.31189033
3116.zempt#2017.year,.79422581
3116.zempt#2018.year,.95611876
3116.zempt#2019.year,.06756822
3117.zempt#2012b.year,.42252588
3117.zempt#2013.year,.72663397
3117.zempt#2014.year,.76094079
3117.zempt#2015.year,.99630952
3117.zempt#2016.year,.27830479
3117.zempt#2017.year,.81273597
3117.zempt#2018.year,1.6530703
3117.zempt#2019.year,.58137345
3121.zempt#2012b.year,.5272401
3121.zempt#2013.year,.78662044
3121.zempt#2014.year,.8374396
3121.zempt#2015.year,.8088333
3121.zempt#2016.year,.236338
3121.zempt#2017.year,.55310184
3121.zempt#2018.year,1.0585898
3121.zempt#2019.year,.50607246
3122.zempt#2012b.year,.89365131
3122.zempt#2013.year,1.0840336
3122.zempt#2014.year,.95537943
3122.zempt#2015.year,1.1051102
3122.zempt#2016.year,.27033228
3122.zempt#2017.year,1.0441474
3122.zempt#2018.year,1.3639497
3122.zempt#2019.year,.34298992
3123.zempt#2012b.year,1.2341388
3123.zempt#2013.year,1.4306996
3123.zempt#2014.year,1.2990265
3123.zempt#2015.year,1.4123241
3123.zempt#2016.year,1.2486795
3123.zempt#2017.year,1.3541473
3123.zempt#2018.year,1.904367
3123.zempt#2019.year,1.0762101
3124.zempt#2012b.year,.2530039
3124.zempt#2013.year,.6200006
3124.zempt#2014.year,.86261839
3124.zempt#2015.year,1.4730195
3124.zempt#2016.year,-.74730289
3124.zempt#2017.year,.44548437
3124.zempt#2018.year,.88879699
3124.zempt#2019.year,.25759155
3125.zempt#2012b.year,1.6590204
3125.zempt#2013.year,1.2556018
3125.zempt#2014.year,1.1530809
3125.zempt#2015.year,1.5414106
3125.zempt#2016.year,1.0736711
3125.zempt#2017.year,1.6121218
3125.zempt#2018.year,1.766654
3125.zempt#2019.year,.86154801
3126.zempt#2012b.year,.64966363
3126.zempt#2013.year,.65837055
3126.zempt#2014.year,.81268293
3126.zempt#2015.year,.62043905
3126.zempt#2016.year,.44596222
3126.zempt#2017.year,.82713026
3126.zempt#2018.year,1.1087164
3126.zempt#2019.year,.21997982
3127.zempt#2012b.year,.84142554
3127.zempt#2013.year,.43977672
3127.zempt#2014.year,.50662994
3127.zempt#2015.year,.95922917
3127.zempt#2016.year,.063341863
3127.zempt#2017.year,.77807266
3127.zempt#2018.year,1.0093644
3127.zempt#2019.year,.029152041
4101.zempt#2012b.year,.62526083
4101.zempt#2013.year,.56625682
4101.zempt#2014.year,.50516665
4101.zempt#2015.year,.6979503
4101.zempt#2016.year,-.013788795
4101.zempt#2017.year,.61070532
4101.zempt#2018.year,1.2420546
4101.zempt#2019.year,.10233931
4102.zempt#2012b.year,1.103054
4102.zempt#2013.year,.55052519
4102.zempt#2014.year,1.1127561
4102.zempt#2015.year,.71060073
4102.zempt#2016.year,-.18790038
4102.zempt#2017.year,.11089325
4102.zempt#2018.year,1.2295314
4102.zempt#2019.year,-.081989199
4103.zempt#2012b.year,1.2758386
4103.zempt#2013.year,1.1985886
4103.zempt#2014.year,1.5314106
4103.zempt#2015.year,1.7330303
4103.zempt#2016.year,.95737028
4103.zempt#2017.year,1.634883
4103.zempt#2018.year,2.0215828
4103.zempt#2019.year,1.3509742
4104.zempt#2012b.year,.89065146
4104.zempt#2013.year,1.311024
4104.zempt#2014.year,1.3188374
4104.zempt#2015.year,1.6191643
4104.zempt#2016.year,.8404277
4104.zempt#2017.year,.97886199
4104.zempt#2018.year,1.2349851
4104.zempt#2019.year,.52204508
4105.zempt#2012b.year,.23072018
4105.zempt#2013.year,-.046935316
4105.zempt#2014.year,-.048434488
4105.zempt#2015.year,.43126339
4105.zempt#2016.year,-.30332893
4105.zempt#2017.year,.064101048
4105.zempt#2018.year,1.5100547
4105.zempt#2019.year,1.1561419
4106.zempt#2012b.year,.41501874
4106.zempt#2013.year,.60333288
4106.zempt#2014.year,.76430732
4106.zempt#2015.year,.83853596
4106.zempt#2016.year,-.022932276
4106.zempt#2017.year,.64138377
4106.zempt#2018.year,1.6301535
4106.zempt#2019.year,.55870098
4107.zempt#2012b.year,1.465416
4107.zempt#2013.year,1.4368514
4107.zempt#2014.year,1.6376562
4107.zempt#2015.year,1.5070989
4107.zempt#2016.year,.85702807
4107.zempt#2017.year,1.4189802
4107.zempt#2018.year,1.6710637
4107.zempt#2019.year,.91751951
4108.zempt#2012b.year,.94832665
4108.zempt#2013.year,1.1575261
4108.zempt#2014.year,1.4725658
4108.zempt#2015.year,1.3717229
4108.zempt#2016.year,.63951743
4108.zempt#2017.year,1.0873237
4108.zempt#2018.year,1.3326443
4108.zempt#2019.year,.31221274
4109.zempt#2012b.year,.061760224
4109.zempt#2013.year,.040737975
4109.zempt#2014.year,.5514043
4109.zempt#2015.year,.51459515
4109.zempt#2016.year,.088811912
4109.zempt#2017.year,.11620911
4109.zempt#2018.year,.35258678
4109.zempt#2019.year,-.2196569
4110.zempt#2012b.year,1.3725786
4110.zempt#2013.year,1.5773489
4110.zempt#2014.year,1.8292264
4110.zempt#2015.year,1.7487113
4110.zempt#2016.year,1.1657169
4110.zempt#2017.year,1.789458
4110.zempt#2018.year,2.1720541
4110.zempt#2019.year,1.3639579
4111.zempt#2012b.year,2.1609597
4111.zempt#2013.year,1.7348891
4111.zempt#2014.year,2.5866957
4111.zempt#2015.year,2.1704447
4111.zempt#2016.year,1.5181978
4111.zempt#2017.year,2.0709803
4111.zempt#2018.year,2.5261648
4111.zempt#2019.year,1.4384168
4112.zempt#2012b.year,.58325195
4112.zempt#2013.year,.74925369
4112.zempt#2014.year,1.2180828
4112.zempt#2015.year,.766837
4112.zempt#2016.year,-.15578069
4112.zempt#2017.year,.62964129
4112.zempt#2018.year,1.0289871
4112.zempt#2019.year,.53910786
4113.zempt#2012b.year,-.0068647177
4113.zempt#2013.year,.51404411
4113.zempt#2014.year,-.069910645
4113.zempt#2015.year,.18520066
4113.zempt#2016.year,-.67266488
4113.zempt#2017.year,.14079326
4113.zempt#2018.year,.1249157
4113.zempt#2019.year,-.15087734
4114.zempt#2012b.year,.38861126
4114.zempt#2013.year,.52685159
4114.zempt#2014.year,.69052005
4114.zempt#2015.year,.51023829
4114.zempt#2016.year,.061481584
4114.zempt#2017.year,.42671633
4114.zempt#2018.year,1.0217901
4114.zempt#2019.year,.033999015
4115.zempt#2012b.year,1.3224487
4115.zempt#2013.year,1.4799031
4115.zempt#2014.year,1.2346404
4115.zempt#2015.year,1.4160898
4115.zempt#2016.year,.99685472
4115.zempt#2017.year,1.1745551
4115.zempt#2018.year,1.5453483
4115.zempt#2019.year,.93346083
4201.zempt#2012b.year,1.4831827
4201.zempt#2013.year,1.6170542
4201.zempt#2014.year,2.0504003
4201.zempt#2015.year,1.8917873
4201.zempt#2016.year,1.1805089
4201.zempt#2017.year,1.8870946
4201.zempt#2018.year,2.3245373
4201.zempt#2019.year,1.7603121
4202.zempt#2012b.year,1.5549769
4202.zempt#2013.year,1.7134414
4202.zempt#2014.year,1.8508925
4202.zempt#2015.year,1.9767604
4202.zempt#2016.year,1.1086866
4202.zempt#2017.year,2.22192
4202.zempt#2018.year,2.6634693
4202.zempt#2019.year,1.9330627
4203.zempt#2012b.year,.99833375
4203.zempt#2013.year,1.4522355
4203.zempt#2014.year,1.4068632
4203.zempt#2015.year,1.5070142
4203.zempt#2016.year,.64424473
4203.zempt#2017.year,1.3499609
4203.zempt#2018.year,1.6949977
4203.zempt#2019.year,.81015491
4204.zempt#2012b.year,1.4404438
4204.zempt#2013.year,1.6271951
4204.zempt#2014.year,1.7305496
4204.zempt#2015.year,1.7153996
4204.zempt#2016.year,1.690634
4204.zempt#2017.year,2.4559767
4204.zempt#2018.year,2.8773537
4204.zempt#2019.year,1.7152138
4205.zempt#2012b.year,2.0754697
4205.zempt#2013.year,2.2184558
4205.zempt#2014.year,2.4538486
4205.zempt#2015.year,2.4580181
4205.zempt#2016.year,1.628219
4205.zempt#2017.year,2.454396
4205.zempt#2018.year,3.4240968
4205.zempt#2019.year,2.2300687
4206.zempt#2012b.year,1.3019615
4206.zempt#2013.year,1.2716453
4206.zempt#2014.year,1.3472365
4206.zempt#2015.year,1.3339671
4206.zempt#2016.year,.33031979
4206.zempt#2017.year,1.3812499
4206.zempt#2018.year,1.5725923
4206.zempt#2019.year,.73570639
4207.zempt#2012b.year,1.7708713
4207.zempt#2013.year,1.6877385
4207.zempt#2014.year,1.8527912
4207.zempt#2015.year,1.8735793
4207.zempt#2016.year,1.296232
4207.zempt#2017.year,1.7979621
4207.zempt#2018.year,2.2221088
4207.zempt#2019.year,1.5151987
4208.zempt#2012b.year,1.5793395
4208.zempt#2013.year,1.5720125
4208.zempt#2014.year,1.6775088
4208.zempt#2015.year,2.0387628
4208.zempt#2016.year,1.3465142
4208.zempt#2017.year,1.7194602
4208.zempt#2018.year,2.2749434
4208.zempt#2019.year,1.3560232
4209.zempt#2012b.year,1.736477
4209.zempt#2013.year,1.3099118
4209.zempt#2014.year,1.3391432
4209.zempt#2015.year,1.5943116
4209.zempt#2016.year,.77152061
4209.zempt#2017.year,2.133945
4209.zempt#2018.year,2.5533891
4209.zempt#2019.year,1.715554
4301.zempt#2012b.year,.17627148
4301.zempt#2013.year,.27123043
4301.zempt#2014.year,.39342755
4301.zempt#2015.year,.44597989
4301.zempt#2016.year,.693313
4301.zempt#2017.year,1.4005601
4301.zempt#2018.year,1.8845758
4301.zempt#2019.year,1.0885746
4302.zempt#2012b.year,.92682648
4302.zempt#2013.year,.9345898
4302.zempt#2014.year,.86526847
4302.zempt#2015.year,.84447724
4302.zempt#2016.year,.89571029
4302.zempt#2017.year,2.1005733
4302.zempt#2018.year,2.7693226
4302.zempt#2019.year,1.8649931
4303.zempt#2012b.year,.16400743
4303.zempt#2013.year,.10065167
4303.zempt#2014.year,.40494147
4303.zempt#2015.year,.59685355
4303.zempt#2016.year,.89723086
4303.zempt#2017.year,2.0492766
4303.zempt#2018.year,2.1318316
4303.zempt#2019.year,1.1156784
4304.zempt#2012b.year,-.12032939
4304.zempt#2013.year,.22870399
4304.zempt#2014.year,.11698243
4304.zempt#2015.year,.18146448
4304.zempt#2016.year,.9951151
4304.zempt#2017.year,1.8125418
4304.zempt#2018.year,1.563996
4304.zempt#2019.year,.57498735
4305.zempt#2012b.year,.39784724
4305.zempt#2013.year,.18533763
4305.zempt#2014.year,.63496166
4305.zempt#2015.year,1.0013826
4305.zempt#2016.year,.62753361
4305.zempt#2017.year,1.0269881
4305.zempt#2018.year,1.5633227
4305.zempt#2019.year,1.0781434
4306.zempt#2012b.year,-.69856334
4306.zempt#2013.year,-.38223943
4306.zempt#2014.year,.016371775
4306.zempt#2015.year,.086656056
4306.zempt#2016.year,.3276161
4306.zempt#2017.year,.67922521
4306.zempt#2018.year,.91309321
4306.zempt#2019.year,.384918
4307.zempt#2012b.year,-.42571503
4307.zempt#2013.year,-.27000743
4307.zempt#2014.year,.043997735
4307.zempt#2015.year,-.0070016575
4307.zempt#2016.year,.14796531
4307.zempt#2017.year,1.3311876
4307.zempt#2018.year,1.3088546
4307.zempt#2019.year,.20779131
4308.zempt#2012b.year,-.74108917
4308.zempt#2013.year,-.64461511
4308.zempt#2014.year,-.14570861
4308.zempt#2015.year,-.086573571
4308.zempt#2016.year,.13748617
4308.zempt#2017.year,.73262489
4308.zempt#2018.year,1.3412825
4308.zempt#2019.year,.83562517
4309.zempt#2012b.year,-1.0061735
4309.zempt#2013.year,-1.2045696
4309.zempt#2014.year,-1.0089321
4309.zempt#2015.year,-.88071424
4309.zempt#2016.year,-.72419411
4309.zempt#2017.year,-.087476939
4309.zempt#2018.year,-.024203198
4309.zempt#2019.year,-.41354045
5201.zempt#2012b.year,.46055523
5201.zempt#2013.year,.85505313
5201.zempt#2014.year,1.0503783
5201.zempt#2015.year,1.4289273
5201.zempt#2016.year,-.046004485
5201.zempt#2017.year,1.5083127
5201.zempt#2018.year,2.0848169
5201.zempt#2019.year,1.3671886
5202.zempt#2012b.year,-.41667652
5202.zempt#2013.year,.045117345
5202.zempt#2014.year,1.219488
5202.zempt#2015.year,.76301509
5202.zempt#2016.year,-.33216545
5202.zempt#2017.year,.42274615
5202.zempt#2018.year,.97610998
5202.zempt#2019.year,.11132789
5203.zempt#2012b.year,1.7389295
5203.zempt#2013.year,1.8294457
5203.zempt#2014.year,2.0545285
5203.zempt#2015.year,2.247797
5203.zempt#2016.year,1.3903452
5203.zempt#2017.year,2.2078607
5203.zempt#2018.year,2.6948886
5203.zempt#2019.year,2.053292
5204.zempt#2012b.year,1.2209828
5204.zempt#2013.year,1.4859651
5204.zempt#2014.year,1.3870374
5204.zempt#2015.year,1.7233263
5204.zempt#2016.year,.98282403
5204.zempt#2017.year,1.3656993
5204.zempt#2018.year,2.1640794
5204.zempt#2019.year,1.2575402
5205.zempt#2012b.year,.782538
5205.zempt#2013.year,1.034884
5205.zempt#2014.year,1.1333119
5205.zempt#2015.year,1.2235436
5205.zempt#2016.year,.41362271
5205.zempt#2017.year,1.0505431
5205.zempt#2018.year,1.6121637
5205.zempt#2019.year,.6419763
5206.zempt#2012b.year,.36201864
5206.zempt#2013.year,.57806104
5206.zempt#2014.year,.53275299
5206.zempt#2015.year,.71312839
5206.zempt#2016.year,-.28042382
5206.zempt#2017.year,.75517344
5206.zempt#2018.year,1.1242088
5206.zempt#2019.year,.82610059
5207.zempt#2012b.year,.097693227
5207.zempt#2013.year,.17167123
5207.zempt#2014.year,.44633049
5207.zempt#2015.year,.12775721
5207.zempt#2016.year,-.66236609
5207.zempt#2017.year,-.019231979
5207.zempt#2018.year,-.0038256017
5207.zempt#2019.year,-.32242003
5208.zempt#2012b.year,-.47348174
5208.zempt#2013.year,-.054613061
5208.zempt#2014.year,-.0893922
5208.zempt#2015.year,.044121359
5208.zempt#2016.year,-.49268702
5208.zempt#2017.year,-.30164742
5208.zempt#2018.year,.28998062
5208.zempt#2019.year,.18673901
5209.zempt#2012b.year,.4349041
5209.zempt#2013.year,.52910513
5209.zempt#2014.year,.83830237
5209.zempt#2015.year,.9373216
5209.zempt#2016.year,.10095613
5209.zempt#2017.year,1.122089
5209.zempt#2018.year,1.3024443
5209.zempt#2019.year,.6882394
5210.zempt#2012b.year,.18959782
5210.zempt#2013.year,.15966244
5210.zempt#2014.year,.10405759
5210.zempt#2015.year,.34166256
5210.zempt#2016.year,-.70473546
5210.zempt#2017.year,.28005326
5210.zempt#2018.year,.81792325
5210.zempt#2019.year,-.09381713
5211.zempt#2012b.year,.37753239
5211.zempt#2013.year,.41944841
5211.zempt#2014.year,.0046697869
5211.zempt#2015.year,.39287642
5211.zempt#2016.year,-.35470459
5211.zempt#2017.year,1.0486276
5211.zempt#2018.year,1.0414717
5211.zempt#2019.year,.42085928
5212.zempt#2012b.year,.46261302
5212.zempt#2013.year,.70223927
5212.zempt#2014.year,.21620494
5212.zempt#2015.year,.76993871
5212.zempt#2016.year,-.37940899
5212.zempt#2017.year,.39286488
5212.zempt#2018.year,.52294779
5212.zempt#2019.year,-.32577202
5213.zempt#2012b.year,.90357625
5213.zempt#2013.year,1.023863
5213.zempt#2014.year,1.3293701
5213.zempt#2015.year,1.2522668
5213.zempt#2016.year,.4530206
5213.zempt#2017.year,1.1909518
5213.zempt#2018.year,1.6950752
5213.zempt#2019.year,.94785756
5214.zempt#2012b.year,-.14734204
5214.zempt#2013.year,.41033322
5214.zempt#2014.year,.4219268
5214.zempt#2015.year,.29376394
5214.zempt#2016.year,-.3747617
5214.zempt#2017.year,.5281865
5214.zempt#2018.year,1.0981474
5214.zempt#2019.year,.047548626
5215.zempt#2012b.year,.1100388
5215.zempt#2013.year,-.0073422818
5215.zempt#2014.year,.20819865
5215.zempt#2015.year,.4794004
5215.zempt#2016.year,-.18689808
5215.zempt#2017.year,.030461414
5215.zempt#2018.year,.84272891
5215.zempt#2019.year,-.25764012
5216.zempt#2012b.year,-.48058099
5216.zempt#2013.year,.053442933
5216.zempt#2014.year,-.38752839
5216.zempt#2015.year,-.13319458
5216.zempt#2016.year,-.54576337
5216.zempt#2017.year,-.43735886
5216.zempt#2018.year,.053819459
5216.zempt#2019.year,-.40466616
5217.zempt#2012b.year,.20268878
5217.zempt#2013.year,.22723079
5217.zempt#2014.year,.16712044
5217.zempt#2015.year,.68180162
5217.zempt#2016.year,-.93945712
5217.zempt#2017.year,.036191154
5217.zempt#2018.year,.5313521
5217.zempt#2019.year,.37418136
5218.zempt#2012b.year,.24934852
5218.zempt#2013.year,.4183661
5218.zempt#2014.year,.58262426
5218.zempt#2015.year,.50724453
5218.zempt#2016.year,-.049848408
5218.zempt#2017.year,.57148457
5218.zempt#2018.year,.89525372
5218.zempt#2019.year,.43626723
5219.zempt#2012b.year,-.096802868
5219.zempt#2013.year,.72787738
5219.zempt#2014.year,.24513794
5219.zempt#2015.year,.76686281
5219.zempt#2016.year,.20425037
5219.zempt#2017.year,.77977979
5219.zempt#2018.year,1.4857912
5219.zempt#2019.year,.14269541
5301.zempt#2012b.year,-.59737766
5301.zempt#2013.year,-.29953364
5301.zempt#2014.year,1.2028515
5301.zempt#2015.year,1.3463788
5301.zempt#2016.year,-.20064212
5301.zempt#2017.year,.93965155
5301.zempt#2018.year,1.1944221
5301.zempt#2019.year,.35204193
5302.zempt#2012b.year,-.97953784
5302.zempt#2013.year,-1.2375294
5302.zempt#2014.year,-.33256918
5302.zempt#2015.year,.049638391
5302.zempt#2016.year,-.39797327
5302.zempt#2017.year,.13465336
5302.zempt#2018.year,.58699977
5302.zempt#2019.year,-.41880614
5303.zempt#2012b.year,.68581367
5303.zempt#2013.year,.60004473
5303.zempt#2014.year,1.8174711
5303.zempt#2015.year,2.0844157
5303.zempt#2016.year,.96555138
5303.zempt#2017.year,2.6765087
5303.zempt#2018.year,3.2555394
5303.zempt#2019.year,1.7955707
5304.zempt#2012b.year,-.91515398
5304.zempt#2013.year,-1.1555045
5304.zempt#2014.year,-.27945688
5304.zempt#2015.year,.23731567
5304.zempt#2016.year,-.62881225
5304.zempt#2017.year,.051338766
5304.zempt#2018.year,.50966531
5304.zempt#2019.year,-.1041024
5305.zempt#2012b.year,-.62572473
5305.zempt#2013.year,-.68202347
5305.zempt#2014.year,.30074733
5305.zempt#2015.year,.31788981
5305.zempt#2016.year,-.068733163
5305.zempt#2017.year,.41231984
5305.zempt#2018.year,.74324578
5305.zempt#2019.year,.085087463
5306.zempt#2012b.year,.052904997
5306.zempt#2013.year,.14106829
5306.zempt#2014.year,1.1908754
5306.zempt#2015.year,1.3229777
5306.zempt#2016.year,.64727622
5306.zempt#2017.year,1.5311766
5306.zempt#2018.year,1.8932786
5306.zempt#2019.year,1.1724256
5307.zempt#2012b.year,-1.0764226
5307.zempt#2013.year,-1.6277804
5307.zempt#2014.year,-.11050113
5307.zempt#2015.year,-.03565675
5307.zempt#2016.year,-1.0743319
5307.zempt#2017.year,-.44074085
5307.zempt#2018.year,-.050530124
5307.zempt#2019.year,-.023907507
5308.zempt#2012b.year,.15519002
5308.zempt#2013.year,-.020665471
5308.zempt#2014.year,1.1481657
5308.zempt#2015.year,1.3393916
5308.zempt#2016.year,1.4473437
5308.zempt#2017.year,1.2425276
5308.zempt#2018.year,1.6164209
5308.zempt#2019.year,.70991272
5309.zempt#2012b.year,-.42241833
5309.zempt#2013.year,-.53905386
5309.zempt#2014.year,.69143075
5309.zempt#2015.year,.92345977
5309.zempt#2016.year,.20231818
5309.zempt#2017.year,.58986551
5309.zempt#2018.year,1.1917003
5309.zempt#2019.year,.27246076
5310.zempt#2012b.year,-.82768017
5310.zempt#2013.year,-.81992793
5310.zempt#2014.year,.26847503
5310.zempt#2015.year,.12269928
5310.zempt#2016.year,-.65521348
5310.zempt#2017.year,.19483447
5310.zempt#2018.year,1.1577778
5310.zempt#2019.year,.0084824143
5311.zempt#2012b.year,-.33589408
5311.zempt#2013.year,-.5188638
5311.zempt#2014.year,.94560552
5311.zempt#2015.year,.38792792
5311.zempt#2016.year,-.44737741
5311.zempt#2017.year,.74719775
5311.zempt#2018.year,1.4478496
5311.zempt#2019.year,.38187909
5312.zempt#2012b.year,1.0060021
5312.zempt#2013.year,1.0964031
5312.zempt#2014.year,1.8724335
5312.zempt#2015.year,1.8778272
5312.zempt#2016.year,1.0051605
5312.zempt#2017.year,2.0115337
5312.zempt#2018.year,2.5329754
5312.zempt#2019.year,1.7989427
5313.zempt#2012b.year,-.8753354
5313.zempt#2013.year,-.62632108
5313.zempt#2014.year,.56520265
5313.zempt#2015.year,.7509774
5313.zempt#2016.year,-.17012395
5313.zempt#2017.year,.56334662
5313.zempt#2018.year,1.1181092
5313.zempt#2019.year,.28968602
5314.zempt#2012b.year,-.38142043
5314.zempt#2013.year,-.13489339
5314.zempt#2014.year,.44142649
5314.zempt#2015.year,.74731624
5314.zempt#2016.year,-.26715335
5314.zempt#2017.year,.70230401
5314.zempt#2018.year,.85733724
5314.zempt#2019.year,.67049909
5315.zempt#2012b.year,-.6423198
5315.zempt#2013.year,-.46210945
5315.zempt#2014.year,.74010843
5315.zempt#2015.year,.98317397
5315.zempt#2016.year,.27330783
5315.zempt#2017.year,.99987763
5315.zempt#2018.year,1.3768991
5315.zempt#2019.year,.46809983
5316.zempt#2012b.year,-.82771045
5316.zempt#2013.year,-1.4788706
5316.zempt#2014.year,.13220093
5316.zempt#2015.year,.20754008
5316.zempt#2016.year,-.92150635
5316.zempt#2017.year,.19322507
5316.zempt#2018.year,.42442918
5316.zempt#2019.year,-.060288329
5317.zempt#2012b.year,-.64179164
5317.zempt#2013.year,-.43501011
5317.zempt#2014.year,.72246498
5317.zempt#2015.year,1.1755197
5317.zempt#2016.year,-.30276355
5317.zempt#2017.year,.82467443
5317.zempt#2018.year,1.5270141
5317.zempt#2019.year,.45424464
5318.zempt#2012b.year,-.7590276
5318.zempt#2013.year,-.68191439
5318.zempt#2014.year,.54849273
5318.zempt#2015.year,.62151593
5318.zempt#2016.year,.060148224
5318.zempt#2017.year,.68722528
5318.zempt#2018.year,1.1817242
5318.zempt#2019.year,.18558207
5401.zempt#2012b.year,-.29296213
5401.zempt#2013.year,-.50114304
5401.zempt#2014.year,.004740898
5401.zempt#2015.year,.014556141
5401.zempt#2016.year,-1.1995363
5401.zempt#2017.year,-.62071931
5401.zempt#2018.year,.0043932702
5401.zempt#2019.year,-.6261732
5402.zempt#2012b.year,.76635963
5402.zempt#2013.year,.9723857
5402.zempt#2014.year,1.113217
5402.zempt#2015.year,1.2951797
5402.zempt#2016.year,.665712
5402.zempt#2017.year,1.4005506
5402.zempt#2018.year,2.013839
5402.zempt#2019.year,1.1221859
5403.zempt#2012b.year,.48449779
5403.zempt#2013.year,.63071841
5403.zempt#2014.year,.91522354
5403.zempt#2015.year,.70930165
5403.zempt#2016.year,.094477125
5403.zempt#2017.year,.77261961
5403.zempt#2018.year,1.3044994
5403.zempt#2019.year,.31211182
5404.zempt#2012b.year,-.23443817
5404.zempt#2013.year,-.21849249
5404.zempt#2014.year,.16497047
5404.zempt#2015.year,.30815631
5404.zempt#2016.year,-.047187522
5404.zempt#2017.year,.33285117
5404.zempt#2018.year,.64817077
5404.zempt#2019.year,-.15830657
5405.zempt#2012b.year,.89921808
5405.zempt#2013.year,1.0975138
5405.zempt#2014.year,1.2511199
5405.zempt#2015.year,1.4326988
5405.zempt#2016.year,.56882852
5405.zempt#2017.year,1.5161595
5405.zempt#2018.year,2.6349754
5405.zempt#2019.year,1.6465341
5406.zempt#2012b.year,-.0064324336
5406.zempt#2013.year,-.11918848
5406.zempt#2014.year,.26144373
5406.zempt#2015.year,.30350748
5406.zempt#2016.year,-.44861031
5406.zempt#2017.year,.097531572
5406.zempt#2018.year,.37642974
5406.zempt#2019.year,-.53886425
5407.zempt#2012b.year,-.025526462
5407.zempt#2013.year,.10734377
5407.zempt#2014.year,-.10015857
5407.zempt#2015.year,-.034543812
5407.zempt#2016.year,-.33460721
5407.zempt#2017.year,.26978043
5407.zempt#2018.year,.78583449
5407.zempt#2019.year,-.90029013
5408.zempt#2012b.year,.37754875
5408.zempt#2013.year,.93946284
5408.zempt#2014.year,1.2287623
5408.zempt#2015.year,.99288678
5408.zempt#2016.year,.25446072
5408.zempt#2017.year,.83485514
5408.zempt#2018.year,1.4373686
5408.zempt#2019.year,-.074388884
5409.zempt#2012b.year,.90928614
5409.zempt#2013.year,.81192565
5409.zempt#2014.year,1.2898766
5409.zempt#2015.year,1.6163549
5409.zempt#2016.year,.74589568
5409.zempt#2017.year,1.5821201
5409.zempt#2018.year,1.7176802
5409.zempt#2019.year,.77536279
5410.zempt#2012b.year,2.0424409
5410.zempt#2013.year,2.1545188
5410.zempt#2014.year,2.3792861
5410.zempt#2015.year,2.3326063
5410.zempt#2016.year,1.657793
5410.zempt#2017.year,2.4334671
5410.zempt#2018.year,3.0732419
5410.zempt#2019.year,2.4831572
5411.zempt#2012b.year,-.24216241
5411.zempt#2013.year,-.57953978
5411.zempt#2014.year,.57779324
5411.zempt#2015.year,.15866606
5411.zempt#2016.year,-.47676378
5411.zempt#2017.year,.30539367
5411.zempt#2018.year,.25048283
5411.zempt#2019.year,-.53765941
5412.zempt#2012b.year,-.85192263
5412.zempt#2013.year,-.38554302
5412.zempt#2014.year,-.085516147
5412.zempt#2015.year,-.44658676
5412.zempt#2016.year,-.75977063
5412.zempt#2017.year,-.30680901
5412.zempt#2018.year,.26910338
5412.zempt#2019.year,-.51630419
5413.zempt#2012b.year,.5781213
5413.zempt#2013.year,.52855229
5413.zempt#2014.year,.96694511
5413.zempt#2015.year,1.144298
5413.zempt#2016.year,.51445216
5413.zempt#2017.year,1.124974
5413.zempt#2018.year,1.5054475
5413.zempt#2019.year,.51047266
7201.zempt#2012b.year,.14198168
7201.zempt#2013.year,.34065151
7201.zempt#2014.year,.76700228
7201.zempt#2015.year,.87105566
7201.zempt#2016.year,.45598203
7201.zempt#2017.year,1.0125661
7201.zempt#2018.year,1.6207035
7201.zempt#2019.year,.2434542
7202.zempt#2012b.year,.17785408
7202.zempt#2013.year,.20918393
7202.zempt#2014.year,.38099208
7202.zempt#2015.year,.34612185
7202.zempt#2016.year,-.030683216
7202.zempt#2017.year,.19549325
7202.zempt#2018.year,.51998311
7202.zempt#2019.year,-.20883164
7203.zempt#2012b.year,-.10591478
7203.zempt#2013.year,-.14509237
7203.zempt#2014.year,-.12178444
7203.zempt#2015.year,-.061463404
7203.zempt#2016.year,-.31437436
7203.zempt#2017.year,-.42706317
7203.zempt#2018.year,.35943937
7203.zempt#2019.year,-.92632812
7204.zempt#2012b.year,1.7765023
7204.zempt#2013.year,1.9240848
7204.zempt#2014.year,2.2311771
7204.zempt#2015.year,2.4167945
7204.zempt#2016.year,1.5846975
7204.zempt#2017.year,2.4216521
7204.zempt#2018.year,2.8377872
7204.zempt#2019.year,1.9520552
7205.zempt#2012b.year,.62675399
7205.zempt#2013.year,1.0523499
7205.zempt#2014.year,1.1764234
7205.zempt#2015.year,1.3118374
7205.zempt#2016.year,.65987682
7205.zempt#2017.year,1.6539268
7205.zempt#2018.year,1.9830276
7205.zempt#2019.year,.55486363
7206.zempt#2012b.year,.96009433
7206.zempt#2013.year,.91928613
7206.zempt#2014.year,1.1411214
7206.zempt#2015.year,1.7032003
7206.zempt#2016.year,-.039499965
7206.zempt#2017.year,.90348518
7206.zempt#2018.year,1.4068475
7206.zempt#2019.year,-.31091034
7207.zempt#2012b.year,.88360178
7207.zempt#2013.year,.82600373
7207.zempt#2014.year,1.0176902
7207.zempt#2015.year,1.30741
7207.zempt#2016.year,.62258297
7207.zempt#2017.year,.88971335
7207.zempt#2018.year,1.2534922
7207.zempt#2019.year,.0071625845
7208.zempt#2012b.year,.50659335
7208.zempt#2013.year,.54060674
7208.zempt#2014.year,.89046663
7208.zempt#2015.year,.88952923
7208.zempt#2016.year,.3832871
7208.zempt#2017.year,.65449661
7208.zempt#2018.year,1.1908764
7208.zempt#2019.year,-.049867727
7209.zempt#2012b.year,.74252009
7209.zempt#2013.year,.96365523
7209.zempt#2014.year,1.1573987
7209.zempt#2015.year,1.0136534
7209.zempt#2016.year,.35306001
7209.zempt#2017.year,1.1088227
7209.zempt#2018.year,1.4550078
7209.zempt#2019.year,.71760225
7210.zempt#2012b.year,.35575363
7210.zempt#2013.year,.44871542
7210.zempt#2014.year,.42669207
7210.zempt#2015.year,.59334087
7210.zempt#2016.year,-.43120432
7210.zempt#2017.year,.5467391
7210.zempt#2018.year,1.00009
7210.zempt#2019.year,-.33874765
7211.zempt#2012b.year,.14047243
7211.zempt#2013.year,.4308351
7211.zempt#2014.year,.24028663
7211.zempt#2015.year,.79725379
7211.zempt#2016.year,-.0075042783
7211.zempt#2017.year,.096154958
7211.zempt#2018.year,.82216734
7211.zempt#2019.year,-.59561217
7212.zempt#2012b.year,.75436956
7212.zempt#2013.year,1.1521442
7212.zempt#2014.year,1.1461239
7212.zempt#2015.year,1.2447208
7212.zempt#2016.year,.77840877
7212.zempt#2017.year,1.2385881
7212.zempt#2018.year,1.7725332
7212.zempt#2019.year,.6224001
7213.zempt#2012b.year,1.7903494
7213.zempt#2013.year,1.4381244
7213.zempt#2014.year,1.2695493
7213.zempt#2015.year,1.7882794
7213.zempt#2016.year,1.7809522
7213.zempt#2017.year,1.7700635
7213.zempt#2018.year,2.0197301
7213.zempt#2019.year,1.0401299
7214.zempt#2012b.year,1.6901897
7214.zempt#2013.year,2.0299265
7214.zempt#2014.year,2.3108327
7214.zempt#2015.year,2.3035965
7214.zempt#2016.year,1.7987093
7214.zempt#2017.year,2.6312096
7214.zempt#2018.year,2.8075118
7214.zempt#2019.year,2.016614
7301.zempt#2012b.year,.50483757
7301.zempt#2013.year,.56210774
7301.zempt#2014.year,.87625813
7301.zempt#2015.year,.60524136
7301.zempt#2016.year,.55568647
7301.zempt#2017.year,.71941835
7301.zempt#2018.year,1.4345334
7301.zempt#2019.year,.0024864476
7302.zempt#2012b.year,-.050992616
7302.zempt#2013.year,.28055733
7302.zempt#2014.year,-.13542631
7302.zempt#2015.year,.7498852
7302.zempt#2016.year,1.0943489
7302.zempt#2017.year,.66007525
7302.zempt#2018.year,.5477522
7302.zempt#2019.year,-.6258899
7303.zempt#2012b.year,.03176016
7303.zempt#2013.year,1.1880224
7303.zempt#2014.year,.55887204
7303.zempt#2015.year,1.3599607
7303.zempt#2016.year,.4818877
7303.zempt#2017.year,.08386261
7303.zempt#2018.year,.96797597
7303.zempt#2019.year,-.16263717
7304.zempt#2012b.year,.012040393
7304.zempt#2013.year,.32598087
7304.zempt#2014.year,.64704895
7304.zempt#2015.year,.73572069
7304.zempt#2016.year,.61235434
7304.zempt#2017.year,.70482367
7304.zempt#2018.year,1.0175859
7304.zempt#2019.year,.41924813
7305.zempt#2012b.year,-.73941588
7305.zempt#2013.year,-.32912511
7305.zempt#2014.year,-.38343686
7305.zempt#2015.year,-.24869055
7305.zempt#2016.year,-.76259005
7305.zempt#2017.year,-.061387792
7305.zempt#2018.year,.59999621
7305.zempt#2019.year,-.27070266
7306.zempt#2012b.year,.43320629
7306.zempt#2013.year,.82327896
7306.zempt#2014.year,.8499679
7306.zempt#2015.year,.59464443
7306.zempt#2016.year,.29253972
7306.zempt#2017.year,.39389426
7306.zempt#2018.year,.74645609
7306.zempt#2019.year,.18939129
7307.zempt#2012b.year,.29698765
7307.zempt#2013.year,.32428578
7307.zempt#2014.year,.27965915
7307.zempt#2015.year,.53532219
7307.zempt#2016.year,-.1261968
7307.zempt#2017.year,.55796659
7307.zempt#2018.year,.74122614
7307.zempt#2019.year,-.34000632
7308.zempt#2012b.year,.42104897
7308.zempt#2013.year,.24312438
7308.zempt#2014.year,.41222358
7308.zempt#2015.year,.13759877
7308.zempt#2016.year,.063985236
7308.zempt#2017.year,-.03748998
7308.zempt#2018.year,.39091352
7308.zempt#2019.year,-.6459989
7309.zempt#2012b.year,.8255266
7309.zempt#2013.year,1.2362812
7309.zempt#2014.year,1.1234274
7309.zempt#2015.year,1.5632039
7309.zempt#2016.year,1.3294847
7309.zempt#2017.year,1.904078
7309.zempt#2018.year,2.257313
7309.zempt#2019.year,1.5365069
7310.zempt#2012b.year,.52841932
7310.zempt#2013.year,.55888385
7310.zempt#2014.year,.93287361
7310.zempt#2015.year,1.2242095
7310.zempt#2016.year,.59119886
7310.zempt#2017.year,.83553153
7310.zempt#2018.year,1.0619987
7310.zempt#2019.year,-.038046423
7311.zempt#2012b.year,.43196136
7311.zempt#2013.year,.67010432
7311.zempt#2014.year,1.0452694
7311.zempt#2015.year,.8622297
7311.zempt#2016.year,.51689094
7311.zempt#2017.year,.9647401
7311.zempt#2018.year,1.1999857
7311.zempt#2019.year,.085959613
7312.zempt#2012b.year,.73106641
7312.zempt#2013.year,1.5047557
7312.zempt#2014.year,1.1130799
7312.zempt#2015.year,1.2153866
7312.zempt#2016.year,.088807859
7312.zempt#2017.year,2.3722675
7312.zempt#2018.year,1.9024538
7312.zempt#2019.year,.89881968
7313.zempt#2012b.year,.92290491
7313.zempt#2013.year,.93908173
7313.zempt#2014.year,1.5033242
7313.zempt#2015.year,1.2241161
7313.zempt#2016.year,.75326675
7313.zempt#2017.year,1.0361921
7313.zempt#2018.year,1.3577698
7313.zempt#2019.year,.32377255
7401.zempt#2012b.year,-.9035365
7401.zempt#2013.year,-.076347955
7401.zempt#2014.year,.054247487
7401.zempt#2015.year,.34920877
7401.zempt#2016.year,-.12700729
7401.zempt#2017.year,.38590065
7401.zempt#2018.year,.95218492
7401.zempt#2019.year,-.18538852
7402.zempt#2012b.year,-1.3032049
7402.zempt#2013.year,-.14266557
7402.zempt#2014.year,.13504983
7402.zempt#2015.year,.18164381
7402.zempt#2016.year,-.044885125
7402.zempt#2017.year,.14124307
7402.zempt#2018.year,.3473275
7402.zempt#2019.year,-.55574
7403.zempt#2012b.year,-1.3545749
7403.zempt#2013.year,-.40885285
7403.zempt#2014.year,-.064245149
7403.zempt#2015.year,-.12999244
7403.zempt#2016.year,-.46199656
7403.zempt#2017.year,-.27707082
7403.zempt#2018.year,.10173582
7403.zempt#2019.year,-.62524992
7404.zempt#2012b.year,-.20465763
7404.zempt#2013.year,.74782294
7404.zempt#2014.year,.92038751
7404.zempt#2015.year,1.0607038
7404.zempt#2016.year,.52578348
7404.zempt#2017.year,.93381643
7404.zempt#2018.year,1.4082716
7404.zempt#2019.year,.53828144
8201.zempt#2012b.year,1.202298
8201.zempt#2013.year,1.7349919
8201.zempt#2014.year,2.8608127
8201.zempt#2015.year,2.9153035
8201.zempt#2016.year,2.5212655
8201.zempt#2017.year,2.4548609
8201.zempt#2018.year,3.0069525
8201.zempt#2019.year,1.9739684
8202.zempt#2012b.year,-.14315842
8202.zempt#2013.year,.87802303
8202.zempt#2014.year,.99002236
8202.zempt#2015.year,1.1725925
8202.zempt#2016.year,.59746587
8202.zempt#2017.year,.93719941
8202.zempt#2018.year,1.6838472
8202.zempt#2019.year,.93242681
8203.zempt#2012b.year,-.22196081
8203.zempt#2013.year,.66727823
8203.zempt#2014.year,.92814505
8203.zempt#2015.year,1.1991125
8203.zempt#2016.year,.18785919
8203.zempt#2017.year,.83718085
8203.zempt#2018.year,1.4840031
8203.zempt#2019.year,.75615251
8204.zempt#2012b.year,-.59723967
8204.zempt#2013.year,.4115555
8204.zempt#2014.year,.68766308
8204.zempt#2015.year,.59028906
8204.zempt#2016.year,-.32356042
8204.zempt#2017.year,.56075758
8204.zempt#2018.year,.82378018
8204.zempt#2019.year,.48625916
8205.zempt#2012b.year,-.95002711
8205.zempt#2013.year,.85220635
8205.zempt#2014.year,1.0602283
8205.zempt#2015.year,.58350414
8205.zempt#2016.year,.2062941
8205.zempt#2017.year,.66003144
8205.zempt#2018.year,.6717366
8205.zempt#2019.year,-.74867034
8206.zempt#2012b.year,1.6129198
8206.zempt#2013.year,1.7867131
8206.zempt#2014.year,2.6979413
8206.zempt#2015.year,2.7136827
8206.zempt#2016.year,2.2833848
8206.zempt#2017.year,2.6552794
8206.zempt#2018.year,2.8754971
8206.zempt#2019.year,1.9641887
8207.zempt#2012b.year,-.083775856
8207.zempt#2013.year,1.5412165
8207.zempt#2014.year,1.6859312
8207.zempt#2015.year,1.5857165
8207.zempt#2016.year,1.2586668
8207.zempt#2017.year,1.2926699
8207.zempt#2018.year,2.3822818
8207.zempt#2019.year,1.6659373
8208.zempt#2012b.year,.25280032
8208.zempt#2013.year,1.4636121
8208.zempt#2014.year,1.7089278
8208.zempt#2015.year,1.6530627
8208.zempt#2016.year,.73843455
8208.zempt#2017.year,1.6538283
8208.zempt#2018.year,2.0374887
8208.zempt#2019.year,1.2832713
8209.zempt#2012b.year,.58617294
8209.zempt#2013.year,1.6504278
8209.zempt#2014.year,2.113121
8209.zempt#2015.year,2.0916219
8209.zempt#2016.year,1.0656216
8209.zempt#2017.year,1.8599347
8209.zempt#2018.year,2.4331846
8209.zempt#2019.year,1.3412864
8210.zempt#2012b.year,2.0396557
8210.zempt#2013.year,2.9816895
8210.zempt#2014.year,3.2897239
8210.zempt#2015.year,3.409534
8210.zempt#2016.year,2.1175508
8210.zempt#2017.year,3.5988343
8210.zempt#2018.year,4.074688
8210.zempt#2019.year,3.2317643
8211.zempt#2012b.year,.58569139
8211.zempt#2013.year,1.0937728
8211.zempt#2014.year,1.6490942
8211.zempt#2015.year,1.8672616
8211.zempt#2016.year,1.3486069
8211.zempt#2017.year,1.8917311
8211.zempt#2018.year,2.3317363
8211.zempt#2019.year,1.5513982
8212.zempt#2012b.year,-.3698594
8212.zempt#2013.year,.54036182
8212.zempt#2014.year,.52857989
8212.zempt#2015.year,.56737715
8212.zempt#2016.year,.059199791
8212.zempt#2017.year,.637703
8212.zempt#2018.year,1.2229557
8212.zempt#2019.year,.47617894
8213.zempt#2012b.year,.2954075
8213.zempt#2013.year,1.7502517
8213.zempt#2014.year,2.0390267
8213.zempt#2015.year,1.9876423
8213.zempt#2016.year,1.2592987
8213.zempt#2017.year,1.9714054
8213.zempt#2018.year,2.2376704
8213.zempt#2019.year,1.345485
8214.zempt#2012b.year,2.1436424
8214.zempt#2013.year,3.1802306
8214.zempt#2014.year,3.506603
8214.zempt#2015.year,3.5764072
8214.zempt#2016.year,2.7787511
8214.zempt#2017.year,3.621383
8214.zempt#2018.year,4.1943626
8214.zempt#2019.year,3.4209003
8215.zempt#2012b.year,1.3518901
8215.zempt#2013.year,2.5561795
8215.zempt#2014.year,2.7884731
8215.zempt#2015.year,3.2326305
8215.zempt#2016.year,2.3632128
8215.zempt#2017.year,3.1055925
8215.zempt#2018.year,3.4866877
8215.zempt#2019.year,1.3404026
8216.zempt#2012b.year,.55414534
8216.zempt#2013.year,1.3943055
8216.zempt#2014.year,1.9547698
8216.zempt#2015.year,2.2785046
8216.zempt#2016.year,1.3698391
8216.zempt#2017.year,2.0887275
8216.zempt#2018.year,2.8034387
8216.zempt#2019.year,1.8260841
8217.zempt#2012b.year,1.0880195
8217.zempt#2013.year,2.0064061
8217.zempt#2014.year,4.5624976
8217.zempt#2015.year,2.7058136
8217.zempt#2016.year,1.8904821
8217.zempt#2017.year,2.2961361
8217.zempt#2018.year,2.514003
8217.zempt#2019.year,1.4017252
8218.zempt#2012b.year,.91867435
8218.zempt#2013.year,1.7768147
8218.zempt#2014.year,2.2247543
8218.zempt#2015.year,2.2602103
8218.zempt#2016.year,1.5345559
8218.zempt#2017.year,2.325819
8218.zempt#2018.year,3.1895747
8218.zempt#2019.year,2.2532356
8219.zempt#2012b.year,.67957735
8219.zempt#2013.year,1.7674009
8219.zempt#2014.year,1.9162408
8219.zempt#2015.year,1.9860671
8219.zempt#2016.year,1.6621919
8219.zempt#2017.year,2.0193186
8219.zempt#2018.year,2.335079
8219.zempt#2019.year,1.4598216
8220.zempt#2012b.year,1.2364826
8220.zempt#2013.year,2.0074966
8220.zempt#2014.year,2.182621
8220.zempt#2015.year,2.5375028
8220.zempt#2016.year,2.2061033
8220.zempt#2017.year,2.5811448
8220.zempt#2018.year,3.2499673
8220.zempt#2019.year,2.3974206
8221.zempt#2012b.year,.56504661
8221.zempt#2013.year,2.0994132
8221.zempt#2014.year,2.1875534
8221.zempt#2015.year,2.3704309
8221.zempt#2016.year,1.5470665
8221.zempt#2017.year,1.8173182
8221.zempt#2018.year,2.4913239
8221.zempt#2019.year,1.475991
8222.zempt#2012b.year,.40225038
8222.zempt#2013.year,2.1508241
8222.zempt#2014.year,2.3932121
8222.zempt#2015.year,2.3864038
8222.zempt#2016.year,2.0935721
8222.zempt#2017.year,2.3804295
8222.zempt#2018.year,2.9845762
8222.zempt#2019.year,1.4502393
8301.zempt#2012b.year,.016710911
8301.zempt#2013.year,.20367952
8301.zempt#2014.year,.44891751
8301.zempt#2015.year,.4866797
8301.zempt#2016.year,.18420866
8301.zempt#2017.year,.89631498
8301.zempt#2018.year,1.1251993
8301.zempt#2019.year,.077258199
8302.zempt#2012b.year,-.26602966
8302.zempt#2013.year,.29521996
8302.zempt#2014.year,.53166336
8302.zempt#2015.year,.35879305
8302.zempt#2016.year,-.0446801
8302.zempt#2017.year,.77728319
8302.zempt#2018.year,.93778014
8302.zempt#2019.year,.27852422
8303.zempt#2012b.year,.085742675
8303.zempt#2013.year,.38437891
8303.zempt#2014.year,.34013969
8303.zempt#2015.year,.43634707
8303.zempt#2016.year,-.36500123
8303.zempt#2017.year,.19741532
8303.zempt#2018.year,1.0229813
8303.zempt#2019.year,-.013149416
8304.zempt#2012b.year,-.40967858
8304.zempt#2013.year,-.24462295
8304.zempt#2014.year,-.41188467
8304.zempt#2015.year,-.22789921
8304.zempt#2016.year,-.38397932
8304.zempt#2017.year,-.2383723
8304.zempt#2018.year,.22586691
8304.zempt#2019.year,-.21015929
8305.zempt#2012b.year,-1.6305298
8305.zempt#2013.year,-1.2575289
8305.zempt#2014.year,-1.0137377
8305.zempt#2015.year,-1.1112438
8305.zempt#2016.year,-.9663645
8305.zempt#2017.year,-1.2781141
8305.zempt#2018.year,-.254796
8305.zempt#2019.year,-.70699447
8306.zempt#2012b.year,-.73437607
8306.zempt#2013.year,-.58916754
8306.zempt#2014.year,-.22112349
8306.zempt#2015.year,-.23617908
8306.zempt#2016.year,-.95211786
8306.zempt#2017.year,.15175241
8306.zempt#2018.year,.35272345
8306.zempt#2019.year,-.77709103
8307.zempt#2012b.year,-.53554362
8307.zempt#2013.year,-.64071202
8307.zempt#2014.year,-.12781081
8307.zempt#2015.year,-.32950905
8307.zempt#2016.year,-.64174396
8307.zempt#2017.year,.41324309
8307.zempt#2018.year,.49555063
8307.zempt#2019.year,-.14821453
8308.zempt#2012b.year,.23529929
8308.zempt#2013.year,.33492184
8308.zempt#2014.year,.53488785
8308.zempt#2015.year,.4230547
8308.zempt#2016.year,.035255156
8308.zempt#2017.year,.34146819
8308.zempt#2018.year,.85211891
8308.zempt#2019.year,.17162356
8309.zempt#2012b.year,1.0862204
8309.zempt#2013.year,2.0143914
8309.zempt#2014.year,1.4792874
8309.zempt#2015.year,.84106457
8309.zempt#2016.year,.91446483
8309.zempt#2017.year,1.2240201
8309.zempt#2018.year,1.7274638
8309.zempt#2019.year,1.2537887
8310.zempt#2012b.year,1.256328
8310.zempt#2013.year,1.5133024
8310.zempt#2014.year,1.775309
8310.zempt#2015.year,1.8647112
8310.zempt#2016.year,.91523629
8310.zempt#2017.year,1.8597347
8310.zempt#2018.year,2.4270554
8310.zempt#2019.year,1.7384142
8311.zempt#2012b.year,1.1891848
8311.zempt#2013.year,.73794061
8311.zempt#2014.year,.92793834
8311.zempt#2015.year,1.4985443
8311.zempt#2016.year,-.22855316
8311.zempt#2017.year,.4500291
8311.zempt#2018.year,1.7922977
8311.zempt#2019.year,.91819179
8312.zempt#2012b.year,.23521379
8312.zempt#2013.year,.71557677
8312.zempt#2014.year,.54813337
8312.zempt#2015.year,.34300253
8312.zempt#2016.year,-.62576723
8312.zempt#2017.year,.60651308
8312.zempt#2018.year,.60632861
8312.zempt#2019.year,-.12302846
9101.zempt#2012b.year,.19466205
9101.zempt#2013.year,.77283525
9101.zempt#2014.year,.89979899
9101.zempt#2015.year,.53606147
9101.zempt#2016.year,.35392278
9101.zempt#2017.year,.82750869
9101.zempt#2018.year,.79683781
9101.zempt#2019.year,-.36279386
9102.zempt#2012b.year,-.065560311
9102.zempt#2013.year,.34818429
9102.zempt#2014.year,.5739367
9102.zempt#2015.year,.62892246
9102.zempt#2016.year,-.16345961
9102.zempt#2017.year,.40479034
9102.zempt#2018.year,1.4649382
9102.zempt#2019.year,-.82607847
9103.zempt#2012b.year,.75116318
9103.zempt#2013.year,.87990099
9103.zempt#2014.year,1.0017821
9103.zempt#2015.year,1.3481463
9103.zempt#2016.year,.53701562
9103.zempt#2017.year,.79624361
9103.zempt#2018.year,1.4688079
9103.zempt#2019.year,-.16947266
9104.zempt#2012b.year,.37872967
9104.zempt#2013.year,.83409578
9104.zempt#2014.year,.54950118
9104.zempt#2015.year,.85014307
9104.zempt#2016.year,-.045938026
9104.zempt#2017.year,.62997764
9104.zempt#2018.year,1.3061583
9104.zempt#2019.year,-.14602795
9105.zempt#2012b.year,2.4371977
9105.zempt#2013.year,2.7044368
9105.zempt#2014.year,2.976867
9105.zempt#2015.year,2.965101
9105.zempt#2016.year,2.4174387
9105.zempt#2017.year,2.4572542
9105.zempt#2018.year,3.3358283
9105.zempt#2019.year,2.3800666
9106.zempt#2012b.year,1.1955718
9106.zempt#2013.year,1.4240745
9106.zempt#2014.year,1.5399127
9106.zempt#2015.year,1.6890688
9106.zempt#2016.year,1.4125184
9106.zempt#2017.year,1.7814833
9106.zempt#2018.year,2.2513328
9106.zempt#2019.year,.95122921
9107.zempt#2012b.year,.64592487
9107.zempt#2013.year,1.0981059
9107.zempt#2014.year,1.4465058
9107.zempt#2015.year,1.9286541
9107.zempt#2016.year,.64749199
9107.zempt#2017.year,1.6421869
9107.zempt#2018.year,1.7670038
9107.zempt#2019.year,-.6398893
9108.zempt#2012b.year,.95473635
9108.zempt#2013.year,1.1501312
9108.zempt#2014.year,.90109378
9108.zempt#2015.year,1.1922797
9108.zempt#2016.year,.46671122
9108.zempt#2017.year,.93458277
9108.zempt#2018.year,1.3808109
9108.zempt#2019.year,-.22906102
9109.zempt#2012b.year,.3820743
9109.zempt#2013.year,1.9954149
9109.zempt#2014.year,1.3053354
9109.zempt#2015.year,.51933074
9109.zempt#2016.year,-.084489346
9109.zempt#2017.year,.98533487
9109.zempt#2018.year,.81728709
9109.zempt#2019.year,-.74017459
9110.zempt#2012b.year,.24547006
9110.zempt#2013.year,.10144126
9110.zempt#2014.year,.54751241
9110.zempt#2015.year,.99984783
9110.zempt#2016.year,-.60871816
9110.zempt#2017.year,.60910499
9110.zempt#2018.year,.61938143
9110.zempt#2019.year,-.68758672
9111.zempt#2012b.year,1.9823238
9111.zempt#2013.year,2.1710978
9111.zempt#2014.year,2.2374485
9111.zempt#2015.year,2.2706668
9111.zempt#2016.year,1.5059223
9111.zempt#2017.year,2.3454275
9111.zempt#2018.year,2.553664
9111.zempt#2019.year,1.534976
9112.zempt#2012b.year,.5867151
9112.zempt#2013.year,.90812773
9112.zempt#2014.year,.71448892
9112.zempt#2015.year,1.3606763
9112.zempt#2016.year,.6014753
9112.zempt#2017.year,1.039467
9112.zempt#2018.year,1.4458928
9112.zempt#2019.year,-.22676553
9113.zempt#2012b.year,-.54823232
9113.zempt#2013.year,-.39066437
9113.zempt#2014.year,-.28709614
9113.zempt#2015.year,.016408399
9113.zempt#2016.year,-.26999661
9113.zempt#2017.year,.15646957
9113.zempt#2018.year,.60900635
9113.zempt#2019.year,-.57876885
9114.zempt#2012b.year,.91660494
9114.zempt#2013.year,1.4045701
9114.zempt#2014.year,.71880352
9114.zempt#2015.year,1.1480232
9114.zempt#2016.year,.50792438
9114.zempt#2017.year,.9123289
9114.zempt#2018.year,1.4631191
9114.zempt#2019.year,-.48467153
9115.zempt#2012b.year,.70605731
9115.zempt#2013.year,1.0914447
9115.zempt#2014.year,.91235638
9115.zempt#2015.year,1.1580927
9115.zempt#2016.year,.59886289
9115.zempt#2017.year,.89147764
9115.zempt#2018.year,1.2649925
9115.zempt#2019.year,-.074887708
9116.zempt#2012b.year,.41187254
9116.zempt#2013.year,.67188275
9116.zempt#2014.year,.29444295
9116.zempt#2015.year,.20621191
9116.zempt#2016.year,.090379886
9116.zempt#2017.year,.51130962
9116.zempt#2018.year,1.2907412
9116.zempt#2019.year,-1.0540041
9301.zempt#2012b.year,1.3016754
9301.zempt#2013.year,1.2602586
9301.zempt#2014.year,1.4278235
9301.zempt#2015.year,1.4801451
9301.zempt#2016.year,1.0544548
9301.zempt#2017.year,1.7533892
9301.zempt#2018.year,2.0772092
9301.zempt#2019.year,.28401253
9302.zempt#2012b.year,1.164845
9302.zempt#2013.year,1.4726712
9302.zempt#2014.year,1.8656839
9302.zempt#2015.year,1.5925704
9302.zempt#2016.year,.60077655
9302.zempt#2017.year,2.2137287
9302.zempt#2018.year,1.7787204
9302.zempt#2019.year,.11816368
9303.zempt#2012b.year,1.3152341
9303.zempt#2013.year,1.9745798
9303.zempt#2014.year,1.9111044
9303.zempt#2015.year,1.9565525
9303.zempt#2016.year,1.1139517
9303.zempt#2017.year,1.4495387
9303.zempt#2018.year,1.8096447
9303.zempt#2019.year,-.074738994
9304.zempt#2012b.year,.62060469
9304.zempt#2013.year,.84704643
9304.zempt#2014.year,1.1340863
9304.zempt#2015.year,1.1066053
9304.zempt#2016.year,.48247221
9304.zempt#2017.year,1.2623698
9304.zempt#2018.year,1.0039479
9304.zempt#2019.year,-.14827237
9305.zempt#2012b.year,3.1538053
9305.zempt#2013.year,3.3531582
9305.zempt#2014.year,3.4796374
9305.zempt#2015.year,3.6275759
9305.zempt#2016.year,2.3861706
9305.zempt#2017.year,3.7457075
9305.zempt#2018.year,4.1118536
9305.zempt#2019.year,3.0576704
9306.zempt#2012b.year,.43257776
9306.zempt#2013.year,.93478638
9306.zempt#2014.year,1.1960125
9306.zempt#2015.year,.77022541
9306.zempt#2016.year,.44738397
9306.zempt#2017.year,1.1845102
9306.zempt#2018.year,1.4248141
9306.zempt#2019.year,-.17704824
9307.zempt#2012b.year,1.5622461
9307.zempt#2013.year,1.8874338
9307.zempt#2014.year,1.9478018
9307.zempt#2015.year,2.0106866
9307.zempt#2016.year,1.565758
9307.zempt#2017.year,2.0286653
9307.zempt#2018.year,2.3851335
9307.zempt#2019.year,1.1157117
9308.zempt#2012b.year,2.7730176
9308.zempt#2013.year,2.9612873
9308.zempt#2014.year,3.2470527
9308.zempt#2015.year,3.2512865
9308.zempt#2016.year,2.4838688
9308.zempt#2017.year,3.2303319
9308.zempt#2018.year,3.7965586
9308.zempt#2019.year,2.7001922
9309.zempt#2012b.year,.91118735
9309.zempt#2013.year,1.3190086
9309.zempt#2014.year,1.7397364
9309.zempt#2015.year,1.3328424
9309.zempt#2016.year,.56181312
9309.zempt#2017.year,1.2643087
9309.zempt#2018.year,1.8607843
9309.zempt#2019.year,-.24236646
9310.zempt#2012b.year,2.4277818
9310.zempt#2013.year,2.6465442
9310.zempt#2014.year,2.8523974
9310.zempt#2015.year,2.9480696
9310.zempt#2016.year,2.2768879
9310.zempt#2017.year,2.8927011
9310.zempt#2018.year,3.5480764
9310.zempt#2019.year,2.3221977
9311.zempt#2012b.year,2.8877518
9311.zempt#2013.year,2.7162008
9311.zempt#2014.year,2.8472903
9311.zempt#2015.year,3.1457872
9311.zempt#2016.year,2.94367
9311.zempt#2017.year,3.5200448
9311.zempt#2018.year,4.0664001
9311.zempt#2019.year,3.013725
9312.zempt#2012b.year,1.145887
9312.zempt#2013.year,1.3716328
9312.zempt#2014.year,1.3923186
9312.zempt#2015.year,1.1189133
9312.zempt#2016.year,.7954672
9312.zempt#2017.year,1.7358035
9312.zempt#2018.year,1.3377966
9312.zempt#2019.year,.53691167
9313.zempt#2012b.year,1.2470225
9313.zempt#2013.year,1.2848971
9313.zempt#2014.year,1.1850004
9313.zempt#2015.year,1.3356898
9313.zempt#2016.year,.70938581
9313.zempt#2017.year,1.5489839
9313.zempt#2018.year,1.6382267
9313.zempt#2019.year,.14581451
9314.zempt#2012b.year,1.0102986
9314.zempt#2013.year,1.6572914
9314.zempt#2014.year,1.7569085
9314.zempt#2015.year,1.8030457
9314.zempt#2016.year,1.0678003
9314.zempt#2017.year,1.9170358
9314.zempt#2018.year,2.3353992
9314.zempt#2019.year,.58642656
9315.zempt#2012b.year,1.0391636
9315.zempt#2013.year,1.3339223
9315.zempt#2014.year,1.4639219
9315.zempt#2015.year,1.4442909
9315.zempt#2016.year,.78426343
9315.zempt#2017.year,1.4047922
9315.zempt#2018.year,1.8345859
9315.zempt#2019.year,.56411868
9316.zempt#2012b.year,1.215688
9316.zempt#2013.year,.94737035
9316.zempt#2014.year,1.1494555
9316.zempt#2015.year,1.0366917
9316.zempt#2016.year,.74561954
9316.zempt#2017.year,1.2473936
9316.zempt#2018.year,1.8604693
9316.zempt#2019.year,.45381069
9317.zempt#2012b.year,.81716502
9317.zempt#2013.year,1.0157688
9317.zempt#2014.year,1.5086079
9317.zempt#2015.year,1.299738
9317.zempt#2016.year,.97778976
9317.zempt#2017.year,1.116235
9317.zempt#2018.year,1.3851178
9317.zempt#2019.year,.45908138
9401.zempt#2012b.year,1.3671606
9401.zempt#2013.year,1.1415161
9401.zempt#2014.year,1.447946
9401.zempt#2015.year,2.019109
9401.zempt#2016.year,1.174538
9401.zempt#2017.year,1.8554394
9401.zempt#2018.year,2.0580776
9401.zempt#2019.year,.82315904
9402.zempt#2012b.year,1.0123639
9402.zempt#2013.year,.66300285
9402.zempt#2014.year,1.1339931
9402.zempt#2015.year,1.4272958
9402.zempt#2016.year,.57744181
9402.zempt#2017.year,.99164152
9402.zempt#2018.year,1.2267551
9402.zempt#2019.year,-.29727197
9403.zempt#2012b.year,1.4200342
9403.zempt#2013.year,.7849434
9403.zempt#2014.year,1.2874154
9403.zempt#2015.year,1.3090404
9403.zempt#2016.year,.95151514
9403.zempt#2017.year,1.5248847
9403.zempt#2018.year,2.174541
9403.zempt#2019.year,.038251244
9404.zempt#2012b.year,.89968914
9404.zempt#2013.year,1.079661
9404.zempt#2014.year,1.2095375
9404.zempt#2015.year,1.3840678
9404.zempt#2016.year,1.0068794
9404.zempt#2017.year,1.2306073
9404.zempt#2018.year,1.678194
9404.zempt#2019.year,.31036234
9405.zempt#2012b.year,.97071797
9405.zempt#2013.year,.89793199
9405.zempt#2014.year,1.2260354
9405.zempt#2015.year,1.7142603
9405.zempt#2016.year,.58204466
9405.zempt#2017.year,.69968671
9405.zempt#2018.year,.8405152
9405.zempt#2019.year,-1.112775
9406.zempt#2012b.year,-.71861792
9406.zempt#2013.year,-.50945002
9406.zempt#2014.year,-.23871267
9406.zempt#2015.year,-.53814399
9406.zempt#2016.year,2.3334212
9406.zempt#2017.year,2.8163886
9406.zempt#2018.year,1.8681303
9406.zempt#2019.year,-.64115548
9407.zempt#2012b.year,.58719373
9407.zempt#2013.year,1.6967131
9407.zempt#2014.year,2.066761
9407.zempt#2015.year,1.0606515
9407.zempt#2016.year,.33180824
9407.zempt#2017.year,.99137831
9407.zempt#2018.year,.7187649
9407.zempt#2019.year,.55548596
_cons,-2.1656611
